assay_chembl_id,assay_description,canonical_smiles,document_journal,molecule_chembl_id,standard_value,IC50_uM,Activity
CHEMBL860886,Cytotoxicity against human CWR22R cell line by MTT assay,Nc1ccccc1C(=O)NC(=O)Nc1ccc(Sc2ncc(Br)cn2)cc1,J Med Chem,CHEMBL203996,500,0.5,Yes
CHEMBL860886,Cytotoxicity against human CWR22R cell line by MTT assay,O=C(NC(=O)c1ccccc1[N+](=O)[O-])Nc1ccc(Sc2ncc(Br)cn2)cc1,J Med Chem,CHEMBL205487,50,0.05,Yes
CHEMBL1110243,Cytotoxicity against human 22Rv1 cells after 4 days by propidium iodide assay,CNC1=CC(=O)c2c(cnc(C)c2C)C1=O,J Nat Prod,CHEMBL1079851,21740,21.74,No
CHEMBL1110243,Cytotoxicity against human 22Rv1 cells after 4 days by propidium iodide assay,COC(=O)c1cc2c(cn1)C(=O)C(N)=CC2=O,J Nat Prod,CHEMBL1080354,671,0.671,Yes
CHEMBL1175374,Cytotoxicity against human 22Rv1 cells by MTT assay,CCCCn1c2ccccc2c2cc(CNCCN(CC)CC)ncc21,Bioorg Med Chem Lett,CHEMBL1172127,25700,25.7,No
CHEMBL1175374,Cytotoxicity against human 22Rv1 cells by MTT assay,CCN(CC)CCNCc1cc2c3ccccc3n(Cc3cccc(Cl)c3)c2cn1,Bioorg Med Chem Lett,CHEMBL1169975,58500,58.5,No
CHEMBL1175374,Cytotoxicity against human 22Rv1 cells by MTT assay,CC(=O)O[C@H]1C(=O)[C@@]2(C)[C@H]([C@H](OC(=O)c3ccccc3)[C@]3(O)C[C@H](OC(=O)[C@H](O)[C@@H](NC(=O)c4ccccc4)c4ccccc4)C(C)=C1C3(C)C)[C@]1(OC(C)=O)CO[C@@H]1C[C@@H]2O,Bioorg Med Chem Lett,CHEMBL428647,80,0.08,Yes
CHEMBL1285696,Cytotoxicity against human 22Rv1 cells by MTT assay,CC(=O)O[C@H]1C(=O)[C@@]2(C)[C@H]([C@H](OC(=O)c3ccccc3)[C@]3(O)C[C@H](OC(=O)[C@H](O)[C@@H](NC(=O)c4ccccc4)c4ccccc4)C(C)=C1C3(C)C)[C@]1(OC(C)=O)CO[C@@H]1C[C@@H]2O,Eur J Med Chem,CHEMBL428647,80,0.08,Yes
CHEMBL1285642,Cytotoxicity against human 22Rv1 cells by MTT assay,NCCCCCCNC(=O)c1nccc2c1[nH]c1ccccc12,Eur J Med Chem,CHEMBL1277909,33600,33.6,No
CHEMBL1285642,Cytotoxicity against human 22Rv1 cells by MTT assay,CCN(CC)CCCNC(=O)c1nccc2c1[nH]c1ccccc12,Eur J Med Chem,CHEMBL1277991,46200,46.2,No
CHEMBL1285642,Cytotoxicity against human 22Rv1 cells by MTT assay,CC[N+](CC)(CCCNC(=O)c1nccc2c1[nH]c1ccccc12)Cc1ccccc1.[Br-],Eur J Med Chem,CHEMBL1278079,71400,71.4,No
CHEMBL1285642,Cytotoxicity against human 22Rv1 cells by MTT assay,CCN(CC)CCCNC(=O)c1nccc2c3ccccc3n(CCCc3ccccc3)c12,Eur J Med Chem,CHEMBL1278168,26900,26.9,No
CHEMBL1285642,Cytotoxicity against human 22Rv1 cells by MTT assay,NCCNc1nccc2c1[nH]c1ccccc12,Eur J Med Chem,CHEMBL1275663,41300,41.3,No
CHEMBL1285642,Cytotoxicity against human 22Rv1 cells by MTT assay,Brc1nccc2c3ccccc3n(CCCc3ccccc3)c12,Eur J Med Chem,CHEMBL1276828,88000,88,No
CHEMBL1832093,Cytotoxicity against human 22Rv1 cells by MTT assay,CCCCn1c2ccccc2c2ccnc(CNCCCN(CC)CC)c21.Cl,Eur J Med Chem,CHEMBL1830998,40300,40.3,No
CHEMBL1832093,Cytotoxicity against human 22Rv1 cells by MTT assay,CCN(CC)CCCNCc1nccc2c3ccccc3n(CC(C)C)c12.Cl,Eur J Med Chem,CHEMBL1831002,23000,23,No
CHEMBL1832093,Cytotoxicity against human 22Rv1 cells by MTT assay,CCN(CC)CCNCc1nccc2c3ccccc3n(Cc3ccccc3)c12.Cl,Eur J Med Chem,CHEMBL1831004,73200,73.2,No
CHEMBL1832093,Cytotoxicity against human 22Rv1 cells by MTT assay,CN(C)CCCNCc1nccc2c3ccccc3n(Cc3ccccc3)c12.Cl,Eur J Med Chem,CHEMBL1831005,24500,24.5,No
CHEMBL1832093,Cytotoxicity against human 22Rv1 cells by MTT assay,CCN(CC)CCCNCc1nccc2c3ccccc3n(Cc3ccccc3)c12.Cl,Eur J Med Chem,CHEMBL1831006,34300,34.3,No
CHEMBL1832093,Cytotoxicity against human 22Rv1 cells by MTT assay,CCN(CC)CCNCc1nccc2c3ccccc3n(Cc3ccc(F)cc3)c12.Cl,Eur J Med Chem,CHEMBL1831008,65900,65.9,No
CHEMBL1832093,Cytotoxicity against human 22Rv1 cells by MTT assay,CN(C)CCCNCc1nccc2c3ccccc3n(Cc3ccc(F)cc3)c12.Cl,Eur J Med Chem,CHEMBL1831009,29900,29.9,No
CHEMBL1832093,Cytotoxicity against human 22Rv1 cells by MTT assay,CCN(CC)CCCNCc1nccc2c3ccccc3n(Cc3ccc(F)cc3)c12.Cl,Eur J Med Chem,CHEMBL1831010,32900,32.9,No
CHEMBL1832093,Cytotoxicity against human 22Rv1 cells by MTT assay,CCN(CC)CCNCc1nccc2c3ccccc3n(Cc3cccc(Cl)c3)c12.Cl,Eur J Med Chem,CHEMBL1831012,28600,28.6,No
CHEMBL1832093,Cytotoxicity against human 22Rv1 cells by MTT assay,CCN(CC)CCNCc1nccc2c3ccccc3n(CCCc3ccccc3)c12.Cl,Eur J Med Chem,CHEMBL1831016,21900,21.9,No
CHEMBL1832093,Cytotoxicity against human 22Rv1 cells by MTT assay,CC(=O)O[C@H]1C(=O)[C@@]2(C)[C@H]([C@H](OC(=O)c3ccccc3)[C@]3(O)C[C@H](OC(=O)[C@H](O)[C@@H](NC(=O)c4ccccc4)c4ccccc4)C(C)=C1C3(C)C)[C@]1(OC(C)=O)CO[C@@H]1C[C@@H]2O,Eur J Med Chem,CHEMBL428647,80,0.08,Yes
CHEMBL1839676,Cytotoxicity against human 22Rv1 cells by propidium iodide staining,CCCCCCCCCCCC/C=C\N(NC(=O)COC)C(=O)CCCCCCCCC,Bioorg Med Chem Lett,CHEMBL1834207,882,0.882,Yes
CHEMBL1932409,Cytotoxicity against human 22Rv1 cells after 4 days by propidium iodide staining-based fluorometric analysis,C#Cc1cccc(Nc2ncnc3cc(OCCOC)c(OCCOC)cc23)c1,Bioorg Med Chem,CHEMBL553,100000,100,No
CHEMBL1952611,Antiproliferative activity against human 22Rv1 cells assessed as cell growth inhibition,COc1ccc(C(=O)NC[C@H](O)CO)cc1/C=C/c1ccc(Cl)cc1,Bioorg Med Chem,CHEMBL1949789,21000,21,No
CHEMBL2050410,Antiproliferative activity against human 22Rv1 cells incubated up to 144 hrs by Coulter particle count and size analyzer,O=c1c(O)c(-c2ccc(O)cc2)oc2cc(O)ccc12,Eur J Med Chem,CHEMBL242383,30200,30.2,No
CHEMBL2050410,Antiproliferative activity against human 22Rv1 cells incubated up to 144 hrs by Coulter particle count and size analyzer,O=c1c(O)c(-c2ccc(O)c(O)c2)oc2cc(O)ccc12,Eur J Med Chem,CHEMBL31574,25900,25.9,No
CHEMBL2050410,Antiproliferative activity against human 22Rv1 cells incubated up to 144 hrs by Coulter particle count and size analyzer,O=c1c(O)c(-c2ccc(O)cc2)oc2cc(F)cc(F)c12,Eur J Med Chem,CHEMBL2047500,28700,28.7,No
CHEMBL2050410,Antiproliferative activity against human 22Rv1 cells incubated up to 144 hrs by Coulter particle count and size analyzer,COc1ccc(-c2oc3ccccc3c(=O)c2O)cc1,Eur J Med Chem,CHEMBL406834,30500,30.5,No
CHEMBL2321023,Cytotoxicity against human 22Rv1 cells by MTT assay,CCCCn1c2cc(OCCCc3ccccc3)ccc2c2ccnc(C)c21,Eur J Med Chem,CHEMBL2314672,40500,40.5,No
CHEMBL2363708,SANGER: Inhibition of human 22RV1 cell growth in a cell viability assay.,COc1cccc2c1C(=O)c1c(O)c3c(c(O)c1C2=O)C[C@@](O)(C(=O)CO)C[C@@H]3O[C@H]1C[C@H](N)[C@H](O)[C@H](C)O1,,CHEMBL53463,21.24,0.02124,Yes
CHEMBL2363708,SANGER: Inhibition of human 22RV1 cell growth in a cell viability assay.,Nc1ccn([C@@H]2O[C@H](CO)[C@@H](O)C2(F)F)c(=O)n1,,CHEMBL888,96.48,0.09648,Yes
CHEMBL2363708,SANGER: Inhibition of human 22RV1 cell growth in a cell viability assay.,CO[C@@]12[C@H](COC(N)=O)C3=C(C(=O)C(C)=C(N)C3=O)N1C[C@@H]1N[C@@H]12,,CHEMBL105,144.07,0.14407,Yes
CHEMBL2363708,SANGER: Inhibition of human 22RV1 cell growth in a cell viability assay.,CCC1=C[C@@H]2CN(C1)Cc1c([nH]c3ccccc13)[C@@](C(=O)OC)(c1cc3c(cc1OC)N(C)[C@H]1[C@@](O)(C(=O)OC)[C@H](OC(C)=O)[C@]4(CC)C=CCN5CC[C@]31[C@@H]54)C2,,CHEMBL553025,8.787,0.008787,Yes
CHEMBL2363708,SANGER: Inhibition of human 22RV1 cell growth in a cell viability assay.,N#Cc1c(O)c2c(-c3ccc(-c4ccccc4O)cc3)csc2[nH]c1=O,,CHEMBL512504,35842.27,35.84227,No
CHEMBL2363708,SANGER: Inhibition of human 22RV1 cell growth in a cell viability assay.,CC(O)(CS(=O)(=O)c1ccc(F)cc1)C(=O)Nc1ccc(C#N)c(C(F)(F)F)c1,,CHEMBL409,38046.19,38.04619,No
CHEMBL2363708,SANGER: Inhibition of human 22RV1 cell growth in a cell viability assay.,OC[C@H](Cc1ccccc1)Nc1nc(Oc2ccc3c(c2)CCC3)nc2c1ncn2Cc1ccc(-c2ccccc2)cc1,,CHEMBL259181,21237.02,21.23702,No
CHEMBL2363708,SANGER: Inhibition of human 22RV1 cell growth in a cell viability assay.,Cc1ccc(C(=O)Nc2ccc(CN3CCN(C)CC3)c(C(F)(F)F)c2)cc1C#Cc1cnc2cccnn12,,CHEMBL1171837,39839.78,39.83978,No
CHEMBL2363708,SANGER: Inhibition of human 22RV1 cell growth in a cell viability assay.,COC(=O)[C@H](CCSC)NC(=O)c1ccc(NC[C@@H](N)CS)cc1-c1ccccc1,,CHEMBL135561,91340.29,91.34029,No
CHEMBL2363708,SANGER: Inhibition of human 22RV1 cell growth in a cell viability assay.,CCCCCCCCCCCC1=C(O)C(=O)C=C(O)C1=O,,CHEMBL221137,22543.46,22.54346,No
CHEMBL2363708,SANGER: Inhibition of human 22RV1 cell growth in a cell viability assay.,C=CCc1cccc(/C=N/NC(=O)CN2CCN(Cc3ccccc3)CC2)c1O,,CHEMBL591429,41978.22,41.97822,No
CHEMBL2363708,SANGER: Inhibition of human 22RV1 cell growth in a cell viability assay.,COc1ccc(-c2cc3nccn3c(Nc3ncccc3C(N)=O)n2)cc1OC,,CHEMBL1190711,34796.51,34.79651,No
CHEMBL2363708,SANGER: Inhibition of human 22RV1 cell growth in a cell viability assay.,C/C=C(/C)C(=O)O[C@H]1C(C)=C2[C@H]([C@@H]1OC(=O)CCCCCCC)[C@@](C)(OC(C)=O)C[C@H](OC(=O)CCC)[C@@]1(O)[C@H]2OC(=O)[C@@]1(C)O,,CHEMBL96926,1.171,0.001171,Yes
CHEMBL2363708,SANGER: Inhibition of human 22RV1 cell growth in a cell viability assay.,COC1=CC(c2cc3ccccc3[nH]2)=N/C1=C\c1[nH]c(C)cc1C.CS(=O)(=O)O,,CHEMBL2107358,273.78,0.27378,Yes
CHEMBL2363708,SANGER: Inhibition of human 22RV1 cell growth in a cell viability assay.,C=C(c1ccc(C(=O)O)cc1)c1cc2c(cc1C)C(C)(C)CCC2(C)C,,CHEMBL1023,48468.64,48.46864,No
CHEMBL2363708,SANGER: Inhibition of human 22RV1 cell growth in a cell viability assay.,CCNC(=O)c1noc(-c2cc(C(C)C)c(O)cc2O)c1-c1ccc(CN2CCOCC2)cc1,,CHEMBL252164,35.07,0.03507,Yes
CHEMBL2363708,SANGER: Inhibition of human 22RV1 cell growth in a cell viability assay.,CCC/C=C/C=C/C(=O)O[C@H]1/C(=C/C(=O)OC)C[C@H]2C[C@H]([C@@H](C)O)OC(=O)C[C@H](O)C[C@@H]3C[C@H](OC(C)=O)C(C)(C)[C@](O)(C[C@@H]4C/C(=C/C(=O)OC)C[C@H](/C=C/C(C)(C)[C@]1(O)O2)O4)O3,,CHEMBL449158,406,0.406,Yes
CHEMBL2363708,SANGER: Inhibition of human 22RV1 cell growth in a cell viability assay.,C/C(=C\c1csc(C)n1)[C@@H]1C[C@@H]2O[C@]2(C)CCC[C@H](C)[C@H](O)[C@@H](C)C(=O)C(C)(C)[C@@H](O)CC(=O)O1,,CHEMBL94657,8.411,0.008411,Yes
CHEMBL2363708,SANGER: Inhibition of human 22RV1 cell growth in a cell viability assay.,N#C/C(=C1/Nc2ccccc2S1)c1ccnc(NCCc2cccnc2)n1,,CHEMBL191384,86411.17,86.41117,No
CHEMBL2363708,SANGER: Inhibition of human 22RV1 cell growth in a cell viability assay.,CC[C@@]1(O)C(=O)OCc2c1cc1n(c2=O)Cc2cc3ccccc3nc2-1,,CHEMBL65,9.314,0.009314,Yes
CHEMBL2363708,SANGER: Inhibition of human 22RV1 cell growth in a cell viability assay.,CC[C@]1(O)C[C@@H]2CN(CCc3c([nH]c4ccccc34)[C@@](C(=O)OC)(c3cc4c(cc3OC)N(C)[C@H]3[C@@](O)(C(=O)OC)[C@H](OC(C)=O)[C@]5(CC)C=CCN6CC[C@]43[C@@H]65)C2)C1,,CHEMBL159,9.815,0.009815,Yes
CHEMBL2363708,SANGER: Inhibition of human 22RV1 cell growth in a cell viability assay.,CC(=O)O[C@@]12CO[C@@H]1C[C@H](O)[C@@]1(C)C(=O)[C@H](O)C3=C(C)[C@@H](OC(=O)[C@H](O)[C@@H](NC(=O)OC(C)(C)C)c4ccccc4)C[C@@](O)([C@@H](OC(=O)c4ccccc4)[C@H]21)C3(C)C.O.O.O,,CHEMBL3545252,3.15,0.00315,Yes
CHEMBL2363708,SANGER: Inhibition of human 22RV1 cell growth in a cell viability assay.,CN(Cc1cnc2nc(N)nc(N)c2n1)c1ccc(C(=O)N[C@@H](CCC(=O)O)C(=O)O)cc1,,CHEMBL34259,536.88,0.53688,Yes
CHEMBL2363708,SANGER: Inhibition of human 22RV1 cell growth in a cell viability assay.,COc1cc2ncnc(Nc3ccc(F)c(Cl)c3)c2cc1OCCCN1CCOCC1,,CHEMBL939,50346.14,50.34614,No
CHEMBL2363708,SANGER: Inhibition of human 22RV1 cell growth in a cell viability assay.,COc1cc(F)c(F)c(Nc2ccc(I)cc2F)c1NS(=O)(=O)C1(CC(O)CO)CC1,,CHEMBL3349342,32669.05,32.66905,No
CHEMBL2363708,SANGER: Inhibition of human 22RV1 cell growth in a cell viability assay.,CO[C@H]1C[C@@H]2CC[C@@H](C)[C@@](O)(O2)C(=O)C(=O)N2CCCC[C@H]2C(=O)O[C@H]([C@H](C)C[C@@H]2CC[C@@H](OC(=O)C(C)(CO)CO)[C@H](OC)C2)CC(=O)[C@H](C)/C=C(\C)[C@@H](O)[C@@H](OC)C(=O)[C@H](C)C[C@H](C)/C=C/C=C/C=C/1C,,CHEMBL1201182,211.94,0.21194,Yes
CHEMBL2363708,SANGER: Inhibition of human 22RV1 cell growth in a cell viability assay.,COc1cc(Nc2c(C#N)cnc3cc(OCCCN4CCN(C)CC4)c(OC)cc23)c(Cl)cc1Cl,,CHEMBL288441,60049.91,60.04991,No
CHEMBL2363708,SANGER: Inhibition of human 22RV1 cell growth in a cell viability assay.,NC(=O)c1ccc(N(C(N)=O)c2c(F)cccc2F)nc1-c1ccc(F)cc1F,,CHEMBL1090090,54681.26,54.68126,No
CHEMBL2363708,SANGER: Inhibition of human 22RV1 cell growth in a cell viability assay.,CC1(C)CNc2cc(NC(=O)c3cccnc3NCc3ccncc3)ccc21,,CHEMBL572881,98315.24,98.31524,No
CHEMBL2363708,SANGER: Inhibition of human 22RV1 cell growth in a cell viability assay.,CN(NC(=O)CC(=O)NN(C)C(=S)c1ccccc1)C(=S)c1ccccc1,,CHEMBL1972860,11.3,0.0113,Yes
CHEMBL2363708,SANGER: Inhibition of human 22RV1 cell growth in a cell viability assay.,CN(C)C/C=C/C(=O)Nc1cc2c(Nc3ccc(F)c(Cl)c3)ncnc2cc1O[C@H]1CCOC1,,CHEMBL1173655,34175.36,34.17536,No
CHEMBL2363708,SANGER: Inhibition of human 22RV1 cell growth in a cell viability assay.,O=C(NCCCNc1nc(Nc2cccc(NC(=O)N3CCCC3)c2)ncc1I)c1cccs1,,CHEMBL577784,22876.22,22.87622,No
CHEMBL2363708,SANGER: Inhibition of human 22RV1 cell growth in a cell viability assay.,O=C1NC(=O)c2c1c(-c1ccccc1Cl)cc1[nH]c3ccc(O)cc3c21,,CHEMBL379975,40483.04,40.48304,No
CHEMBL2363708,SANGER: Inhibition of human 22RV1 cell growth in a cell viability assay.,NC1(c2ccc(-c3nc4ccn5c(=O)[nH]nc5c4cc3-c3ccccc3)cc2)CCC1,,CHEMBL1079175,21568.54,21.56854,No
CHEMBL2363708,SANGER: Inhibition of human 22RV1 cell growth in a cell viability assay.,Cn1c(=O)n(-c2ccc(C(C)(C)C#N)cc2)c2c3cc(-c4cnc5ccccc5c4)ccc3ncc21,,CHEMBL1879463,49.09,0.04909,Yes
CHEMBL2363708,SANGER: Inhibition of human 22RV1 cell growth in a cell viability assay.,COc1ccc(-c2ccc3c(N4CCOC[C@@H]4C)nc(N4CCOC[C@@H]4C)nc3n2)cc1CO,,CHEMBL1801204,707.17,0.70717,Yes
CHEMBL2363708,SANGER: Inhibition of human 22RV1 cell growth in a cell viability assay.,Cn1cnc2c(F)c(Nc3ccc(Br)cc3Cl)c(C(=O)NOCCO)cc21,,CHEMBL1614701,63866.95,63.86695,No
CHEMBL2363708,SANGER: Inhibition of human 22RV1 cell growth in a cell viability assay.,Cc1cc([C@@H](C)Nc2ccccc2C(=O)O)c2nc(N3CCOCC3)cc(=O)n2c1,,CHEMBL2165191,51899.13,51.89913,No
CHEMBL2363708,SANGER: Inhibition of human 22RV1 cell growth in a cell viability assay.,O=C1/C(=C/c2cccs2)CC/C1=C\c1cccs1,,CHEMBL255342,75372.92,75.37292,No
CHEMBL2363708,SANGER: Inhibition of human 22RV1 cell growth in a cell viability assay.,O=c1cc(CN2CCOCC2)occ1OCCCCCSc1ccnc2cc(C(F)(F)F)ccc12,,CHEMBL1186585,40091.33,40.09133,No
CHEMBL2363708,SANGER: Inhibition of human 22RV1 cell growth in a cell viability assay.,NC(=O)[C@@H](CCC(F)(F)F)N(Cc1ccc(-c2ncon2)cc1F)S(=O)(=O)c1ccc(Cl)cc1,,CHEMBL1090771,76529.1,76.5291,No
CHEMBL2363708,SANGER: Inhibition of human 22RV1 cell growth in a cell viability assay.,CCc1cncnc1N1CCN(Cc2nc3cc(C(F)(F)F)ccc3[nH]2)CC1,,CHEMBL2134202,47901.51,47.90151,No
CHEMBL2363708,SANGER: Inhibition of human 22RV1 cell growth in a cell viability assay.,c1ccc2c(CCNc3ccc(Nc4ccncc4)cc3)c[nH]c2c1,,CHEMBL2137530,23186.61,23.18661,No
CHEMBL2363708,SANGER: Inhibition of human 22RV1 cell growth in a cell viability assay.,CCc1cc(-c2[nH]nc(C)c2-c2ccc3c(c2)OCCO3)c(O)cc1O,,CHEMBL399530,39536.37,39.53637,No
CHEMBL3371370,Inhibition of cell survival in human CWR22Rv1 cells after 144 hrs by TUNEL assay,C[C@](O)(CS(=O)(=O)c1ccc(F)cc1)C(=O)Nc1ccc(C#N)c(C(F)(F)F)c1,J Med Chem,CHEMBL63560,37400,37.4,No
CHEMBL4033842,Cytotoxicity against human 22Rv1 cells after 24 to 72 hrs by MTT assay,COc1ccc([C@H]2SS[C@@]34C[C@]5(O)[C@H](Cl)C=C[C@@H](O)[C@@H]5ON3C(=O)[C@@H]2N(C)C4=O)c(O)c1OC,J Nat Prod,CHEMBL4073822,510,0.51,Yes
CHEMBL4133568,Antiproliferative activity against human 22Rv1 cells after 72 hrs by sulforhodamine B colorimetric proliferation assay,O=C(Nc1cccc(C(F)(F)F)c1)c1c(O)nnn1Cc1ccccc1,Eur J Med Chem,CHEMBL4166887,67120,67.12,No
CHEMBL4133568,Antiproliferative activity against human 22Rv1 cells after 72 hrs by sulforhodamine B colorimetric proliferation assay,COc1ccc(Cn2nnc(O)c2C(=O)Nc2cccc(C(F)(F)F)c2)cc1,Eur J Med Chem,CHEMBL4174786,81400,81.4,No
CHEMBL4148686,Antiproliferative activity against human 22Rv1 cells after 72 hrs by Cell-Titer Glo assay,CNC(=O)c1ccc(N2C(=S)N(c3ccc(C#N)c(C(F)(F)F)c3)C(=O)C2(C)C)cc1F,Eur J Med Chem,CHEMBL1082407,36660,36.66,No
CHEMBL4154891,Antiproliferative activity against human 22Rv1 cells treated at 12 hrs post cell seeding measured at 72 to 144 hrs post cell seeding by Cell-Titer Glo assay,CNC(=O)c1ccc(N2C(=S)N(c3ccc(C#N)c(C(F)(F)F)c3)C(=O)C2(C)C)cc1F,Eur J Med Chem,CHEMBL1082407,36660,36.66,No
CHEMBL4154891,Antiproliferative activity against human 22Rv1 cells treated at 12 hrs post cell seeding measured at 72 to 144 hrs post cell seeding by Cell-Titer Glo assay,Cc1sc2c(c1C)C(c1ccc(Cl)cc1)=N[C@@H](CC(=O)OC(C)(C)C)c1nnc(C)n1-2,Eur J Med Chem,CHEMBL1957266,71,0.071,Yes
CHEMBL4154891,Antiproliferative activity against human 22Rv1 cells treated at 12 hrs post cell seeding measured at 72 to 144 hrs post cell seeding by Cell-Titer Glo assay,Cc1noc(C)c1-c1ccc2c(c1)O[C@H](CC(C)C)C(=O)N2,Eur J Med Chem,CHEMBL4167192,580,0.58,Yes
CHEMBL4154891,Antiproliferative activity against human 22Rv1 cells treated at 12 hrs post cell seeding measured at 72 to 144 hrs post cell seeding by Cell-Titer Glo assay,Cc1noc(C)c1-c1ccc2c(c1)O[C@H](CC1CC1)C(=O)N2,Eur J Med Chem,CHEMBL4175060,990,0.99,Yes
CHEMBL4186357,Antiproliferative activity against human CWR22Rv1 cells expressing PSA after 3 days by MTT assay,CC[C@H]1CN2CCc3cc(OC)c(OC)cc3[C@@H]2C[C@@H]1C[C@@H]1c2cc(OC)c(OC)cc2CCN1C(=O)OCc1ccc(NC(=O)[C@H](CC(C)C)NC(=O)[C@H](CO)NC(=O)[C@H](CCC(N)=O)NC(=O)[C@H](CC(C)C)NC(=O)[C@H](CCCCN)NC(=O)[C@H](CO)NC(=O)[C@H](CO)NC(=O)[C@H](Cc2cnc[nH]2)NC(C)=O)cc1,Bioorg Med Chem,CHEMBL4215066,75.81,0.07581,Yes
CHEMBL4186357,Antiproliferative activity against human CWR22Rv1 cells expressing PSA after 3 days by MTT assay,CC[C@H]1CN2CCc3cc(OC)c(OC)cc3[C@@H]2C[C@@H]1C[C@H]1NCCc2cc(OC)c(OC)cc21,Bioorg Med Chem,CHEMBL50588,30.8,0.0308,Yes
CHEMBL4191533,Antiproliferative activity against human 22Rv1 cells expressing androgen receptor splice variants assessed as decrease in cell viability after 5 days by trypan blue exclusion assay,CCC(C)n1ccnc1/C=C/C(=O)/C=C/c1sc(C)nc1C(F)(F)F,Eur J Med Chem,CHEMBL4206838,850,0.85,Yes
CHEMBL4191533,Antiproliferative activity against human 22Rv1 cells expressing androgen receptor splice variants assessed as decrease in cell viability after 5 days by trypan blue exclusion assay,CCCn1ccnc1/C=C/C(=O)/C=C/c1nc2ccccc2n1CCC,Eur J Med Chem,CHEMBL4210606,220,0.22,Yes
CHEMBL4191533,Antiproliferative activity against human 22Rv1 cells expressing androgen receptor splice variants assessed as decrease in cell viability after 5 days by trypan blue exclusion assay,CCn1c(/C=C/C(=O)/C=C/c2sc(C)nc2C(F)(F)F)nc2ccccc21,Eur J Med Chem,CHEMBL4213439,220,0.22,Yes
CHEMBL4191533,Antiproliferative activity against human 22Rv1 cells expressing androgen receptor splice variants assessed as decrease in cell viability after 5 days by trypan blue exclusion assay,CC(C)n1c(/C=C/C(=O)/C=C/c2ccccn2)nc2ccccc21,Eur J Med Chem,CHEMBL4209057,450,0.45,Yes
CHEMBL4191629,Cytotoxicity against human 22Rv1 cells assessed as reduction in cell viability after 72 hrs by CellTiter96 AQueous one solution cell proliferation assay,CC1=C(C)[C@H](O)[C@H]([C@](C)(O)[C@]2(O)CC[C@@]3(O)[C@@H]4C[C@H]5O[C@]56CC=CC(=O)[C@]6(C)[C@H]4CC[C@]23C)OC1=O,J Nat Prod,CHEMBL4207508,890,0.89,Yes
CHEMBL4191629,Cytotoxicity against human 22Rv1 cells assessed as reduction in cell viability after 72 hrs by CellTiter96 AQueous one solution cell proliferation assay,CC1=C(C)C(=O)O[C@@H]([C@](C)(O)[C@]2(O)CC[C@@]3(O)[C@@H]4[C@@H](O)C=C5CC=CC(=O)[C@]5(C)[C@H]4CC[C@]23C)C1,J Nat Prod,CHEMBL4216841,560,0.56,Yes
CHEMBL4191629,Cytotoxicity against human 22Rv1 cells assessed as reduction in cell viability after 72 hrs by CellTiter96 AQueous one solution cell proliferation assay,CC1=C(C)C(=O)O[C@@H]([C@](C)(O)[C@]2(O)CC[C@@]3(O)[C@@H]4[C@@H](O)C=C5C=CCC(=O)[C@]5(C)[C@H]4CC[C@]23C)C1,J Nat Prod,CHEMBL4211870,990,0.99,Yes
CHEMBL4191629,Cytotoxicity against human 22Rv1 cells assessed as reduction in cell viability after 72 hrs by CellTiter96 AQueous one solution cell proliferation assay,C[C@H]1C[C@H]([C@](C)(O)[C@]2(O)CC[C@@]3(O)[C@@H]4C[C@H]5O[C@]56CC=CC(=O)[C@]6(C)[C@H]4CC[C@]23C)OC(=O)[C@@H]1C,J Nat Prod,CHEMBL4203685,210,0.21,Yes
CHEMBL4191629,Cytotoxicity against human 22Rv1 cells assessed as reduction in cell viability after 72 hrs by CellTiter96 AQueous one solution cell proliferation assay,CC1=C(C)C(=O)O[C@@H]([C@](C)(O)[C@]2(O)CC[C@@]3(O)[C@@H]4C[C@H]5O[C@]56[C@@H](O)C=CC(=O)[C@]6(C)[C@H]4CC[C@]23C)C1,J Nat Prod,CHEMBL502563,90,0.09,Yes
CHEMBL4191629,Cytotoxicity against human 22Rv1 cells assessed as reduction in cell viability after 72 hrs by CellTiter96 AQueous one solution cell proliferation assay,CC1=C(C)C(=O)O[C@@H]([C@](C)(O)[C@]2(O)CC[C@@]3(O)[C@@H]4C[C@H]5O[C@]56CC=CC(=O)[C@]6(C)[C@H]4CC[C@]23C)C1,J Nat Prod,CHEMBL1097107,70,0.07,Yes
CHEMBL4191629,Cytotoxicity against human 22Rv1 cells assessed as reduction in cell viability after 72 hrs by CellTiter96 AQueous one solution cell proliferation assay,CO[C@H]1C=CC(=O)[C@]2(C)[C@H]3CC[C@]4(C)[C@](O)([C@@](C)(O)[C@H]5CC(C)=C(C)C(=O)O5)CC[C@@]4(O)[C@@H]3C[C@H]3O[C@]132,J Nat Prod,CHEMBL4203165,240,0.24,Yes
CHEMBL4191629,Cytotoxicity against human 22Rv1 cells assessed as reduction in cell viability after 72 hrs by CellTiter96 AQueous one solution cell proliferation assay,CC1=C(C)C(=O)O[C@@H]([C@](C)(O)[C@]2(O)CC[C@@]3(O)[C@@H]4[C@@H](O)[C@H]5O[C@]56CC=CC(=O)[C@]6(C)[C@H]4CC[C@]23C)C1,J Nat Prod,CHEMBL4213383,260,0.26,Yes
CHEMBL4191629,Cytotoxicity against human 22Rv1 cells assessed as reduction in cell viability after 72 hrs by CellTiter96 AQueous one solution cell proliferation assay,CC1=C(C)C(=O)O[C@@H]([C@](C)(O)[C@]2(O)CC[C@@]3(O)[C@@H]4CC=C5[C@@H](O)C=CC(=O)[C@]5(C)[C@H]4CC[C@]23C)C1,J Nat Prod,CHEMBL4208456,70,0.07,Yes
CHEMBL4191629,Cytotoxicity against human 22Rv1 cells assessed as reduction in cell viability after 72 hrs by CellTiter96 AQueous one solution cell proliferation assay,CC1=C(CO)C[C@H]([C@](C)(O)[C@]2(O)CC[C@@]3(O)[C@@H]4CC=C5CC=CC(=O)[C@]5(C)[C@H]4CC[C@]23C)OC1=O,J Nat Prod,CHEMBL4218593,210,0.21,Yes
CHEMBL4191629,Cytotoxicity against human 22Rv1 cells assessed as reduction in cell viability after 72 hrs by CellTiter96 AQueous one solution cell proliferation assay,CC1=C(C)C(=O)O[C@@H]([C@](C)(O)[C@]2(O)CC[C@@]3(O)[C@@H]4CC=C5CC=CC(=O)[C@]5(C)[C@H]4CC[C@]23C)C1,J Nat Prod,CHEMBL488913,70,0.07,Yes
CHEMBL4191629,Cytotoxicity against human 22Rv1 cells assessed as reduction in cell viability after 72 hrs by CellTiter96 AQueous one solution cell proliferation assay,CC(=O)OC[C@]12CC[C@H]3[C@@H](C[C@H]4O[C@]45CC=CC(=O)[C@]35C)[C@]1(O)CC[C@@]2(O)[C@@](C)(O)[C@H]1CC(C)=C(C)C(=O)O1,J Nat Prod,CHEMBL3605565,30,0.03,Yes
CHEMBL4191629,Cytotoxicity against human 22Rv1 cells assessed as reduction in cell viability after 72 hrs by CellTiter96 AQueous one solution cell proliferation assay,COc1cccc2c1C(=O)c1c(O)c3c(c(O)c1C2=O)C[C@@](O)(C(=O)CO)C[C@@H]3O[C@H]1C[C@H](N)[C@H](O)[C@H](C)O1,J Nat Prod,CHEMBL53463,20,0.02,Yes
CHEMBL4231821,Antiproliferative activity against human 22Rv1 cells after 72 hrs by sulforhodamine B colorimetric assay,COc1ccc(Cn2nnc(O)c2C(=O)Nc2cccc(C(F)(F)F)c2)cc1,Eur J Med Chem,CHEMBL4174786,81400,81.4,No
CHEMBL4231821,Antiproliferative activity against human 22Rv1 cells after 72 hrs by sulforhodamine B colorimetric assay,COc1ccc(Cn2nnc(O)c2C(=O)Nc2cccc(C(F)(F)F)c2)cc1OC,Eur J Med Chem,CHEMBL4238142,59190,59.19,No
CHEMBL4231821,Antiproliferative activity against human 22Rv1 cells after 72 hrs by sulforhodamine B colorimetric assay,O=C(Nc1cccc(C(F)(F)F)c1)c1c(O)nnn1Cc1ccc(OC(F)(F)F)cc1,Eur J Med Chem,CHEMBL4248154,31280,31.28,No
CHEMBL4231821,Antiproliferative activity against human 22Rv1 cells after 72 hrs by sulforhodamine B colorimetric assay,Oc1noc2cccc(Nc3cccc(C(F)(F)F)c3)c12,Eur J Med Chem,CHEMBL4245231,64760,64.76,No
CHEMBL4231821,Antiproliferative activity against human 22Rv1 cells after 72 hrs by sulforhodamine B colorimetric assay,Oc1noc2ccc(Nc3cccc(C(F)(F)F)c3)cc12,Eur J Med Chem,CHEMBL4238730,74830,74.83,No
CHEMBL4231821,Antiproliferative activity against human 22Rv1 cells after 72 hrs by sulforhodamine B colorimetric assay,Oc1noc2cccc(Nc3cc(C(F)(F)F)cc(C(F)(F)F)c3)c12,Eur J Med Chem,CHEMBL4238437,26700,26.7,No
CHEMBL4231821,Antiproliferative activity against human 22Rv1 cells after 72 hrs by sulforhodamine B colorimetric assay,Oc1noc2cccc(Nc3cccc(S(F)(F)(F)(F)F)c3)c12,Eur J Med Chem,CHEMBL4249650,64900,64.9,No
CHEMBL4235116,Growth inhibition of human 22Rv1 cells after 48 hrs by MTT assay,COc1ccc2[nH]cc(C3CC(c4ccncc4)=NO3)c2c1,Bioorg Med Chem Lett,CHEMBL4238992,35500,35.5,No
CHEMBL4236225,Antiproliferative activity against enzalutamide-resistant human 22Rv1 cells after 5 days by trypan blue exclusion assay,O=C(/C=C/c1nccn1-c1ccccc1)/C=C/c1nccn1-c1ccccc1,Bioorg Med Chem,CHEMBL4239401,300,0.3,Yes
CHEMBL4255970,Antiproliferative activity against human 22Rv1 cells after 96 hrs by Cell-Titer glo reagent based luminescence assay,Cc1sc2c(c1C)C(c1ccc(Cl)cc1)=N[C@@H](CC(=O)OC(C)(C)C)c1nnc(C)n1-2,ACS Med Chem Lett,CHEMBL1957266,71,0.071,Yes
CHEMBL4261708,Cytotoxicity against human 22Rv1 cells assessed as decrease in cell viability after 72 hrs by CCK8 assay,Cc1cc(O)c(-c2ccc([C@@H](C)CN)cc2)c2c1[nH]c(=O)c1sccc12,Medchemcomm,CHEMBL3672295,8,0.008,Yes
CHEMBL4261666,Antiproliferative activity against human 22Rv1 cells,CC(=O)c1cnc2ccc(-c3cc(Cl)c(O)c(Cl)c3)nc2c1N[C@H]1CC[C@H](CN(C)C)CC1,Medchemcomm,CHEMBL3688339,6,0.006,Yes
CHEMBL4261708,Cytotoxicity against human 22Rv1 cells assessed as decrease in cell viability after 72 hrs by CCK8 assay,Cc1cc(O)c(-c2ccc([C@@H](C)CN(C)C)cc2)c2c1[nH]c(=O)c1sccc12,Medchemcomm,CHEMBL3672369,50,0.05,Yes
CHEMBL4262715,Antiproliferative activity against human 22Rv1 cells after 96 hrs by propidium iodide staining-based fluorescence assay,O=C(Nc1ccccc1C(F)(F)F)c1ccc([S+]([O-])c2ccc(O)cc2)cc1,Medchemcomm,CHEMBL4278955,100000,100,No
CHEMBL4262715,Antiproliferative activity against human 22Rv1 cells after 96 hrs by propidium iodide staining-based fluorescence assay,O=C(Nc1ccccc1C(F)(F)F)c1ccc(S(=O)(=O)c2ccc(O)cc2)cc1,Medchemcomm,CHEMBL4289627,49310,49.31,No
CHEMBL4262715,Antiproliferative activity against human 22Rv1 cells after 96 hrs by propidium iodide staining-based fluorescence assay,O=C(Nc1cc(C(F)(F)F)ccc1C(F)(F)F)c1ccc(S(=O)(=O)c2ccc(O)cc2)cc1,Medchemcomm,CHEMBL4279355,20660,20.66,No
CHEMBL4262715,Antiproliferative activity against human 22Rv1 cells after 96 hrs by propidium iodide staining-based fluorescence assay,O=C(Nc1ccccc1C(F)(F)F)c1ccc(Sc2ccc(O)cc2)cc1,Medchemcomm,CHEMBL4289937,30920,30.92,No
CHEMBL4262715,Antiproliferative activity against human 22Rv1 cells after 96 hrs by propidium iodide staining-based fluorescence assay,CNC(=O)c1ccc(N2C(=S)N(c3ccc(C#N)c(C(F)(F)F)c3)C(=O)C2(C)C)cc1F,Medchemcomm,CHEMBL1082407,24770,24.77,No
CHEMBL4262715,Antiproliferative activity against human 22Rv1 cells after 96 hrs by propidium iodide staining-based fluorescence assay,C[C@](O)(CS(=O)(=O)c1ccc(F)cc1)C(=O)Nc1ccc(C#N)c(C(F)(F)F)c1,Medchemcomm,CHEMBL63560,49580,49.58,No
CHEMBL4325463,Antiproliferative activity against human 22Rv1 cells measured after 3 days by celltiter-glo luminescence assay,CNC(=O)Nc1ccc2c(c1)CC[C@@]21OC(=O)N(CC(=O)N(Cc2ccc(F)cc2)[C@@H](C)C(F)(F)F)C1=O,J Med Chem,CHEMBL4282264,490,0.49,Yes
CHEMBL4325463,Antiproliferative activity against human 22Rv1 cells measured after 3 days by celltiter-glo luminescence assay,Cn1cc(-c2ccc3c(c2)CC[C@]32NC(=O)N(CC(=O)N3Cc4cc(F)ccc4OC[C@H]3C(F)(F)F)C2=O)cn1,J Med Chem,CHEMBL4587968,4.4,0.0044,Yes
CHEMBL4348412,Antiproliferative activity against human 22Rv1 cells assessed as reduction in cell viability incubated for 6 days by CCK8 assay,N#Cc1ccc(N2CCc3cc(-c4cnc5ccccc5c4)ccc3C2)cc1C(F)(F)F,Eur J Med Chem,CHEMBL4468957,25900,25.9,No
CHEMBL4348412,Antiproliferative activity against human 22Rv1 cells assessed as reduction in cell viability incubated for 6 days by CCK8 assay,CCN(c1ccc(C#N)c(Cl)c1)c1cc(-c2cccs2)ccc1C,Eur J Med Chem,CHEMBL4451735,22000,22,No
CHEMBL4362990,Antiproliferative activity against human 22Rv1 expressing AR assessed as reduction in cell viability incubated for 6 days by CCK-8 assay,CC(O)c1cccc(C(=O)N[C@@H](C)Cn2ccc(-c3ccc(C#N)c(Cl)c3)n2)c1,Eur J Med Chem,CHEMBL4576163,20080,20.08,No
CHEMBL4362990,Antiproliferative activity against human 22Rv1 expressing AR assessed as reduction in cell viability incubated for 6 days by CCK-8 assay,C[C@@H](Cn1ccc(-c2ccc(C#N)c(Cl)c2)n1)Nc1cccnc1,Eur J Med Chem,CHEMBL4566259,21620,21.62,No
CHEMBL4362990,Antiproliferative activity against human 22Rv1 expressing AR assessed as reduction in cell viability incubated for 6 days by CCK-8 assay,C[C@@H](Cn1ccc(-c2ccc(C#N)c(Cl)c2)n1)Nc1cccc2cnccc12,Eur J Med Chem,CHEMBL4442652,21200,21.2,No
CHEMBL4367683,Antiproliferative activity against human 22Rv1 cells assessed as reduction in cell growth incubated for 96 hrs by propidium iodide based 2D monolayer assay,CC(O)(CS(=O)(=O)c1ccc(F)cc1)C(=O)Nc1ccc(C#N)c(C(F)(F)F)c1,Eur J Med Chem,CHEMBL409,49600,49.6,No
CHEMBL4367683,Antiproliferative activity against human 22Rv1 cells assessed as reduction in cell growth incubated for 96 hrs by propidium iodide based 2D monolayer assay,C[C@](O)(CS(=O)(=O)c1ccc(F)cc1)C(=O)Nc1ccc(C#N)c(C(F)(F)F)c1,Eur J Med Chem,CHEMBL63560,46300,46.3,No
CHEMBL4367683,Antiproliferative activity against human 22Rv1 cells assessed as reduction in cell growth incubated for 96 hrs by propidium iodide based 2D monolayer assay,CC(O)(CSc1cccc(S(F)(F)(F)(F)F)c1)C(=O)Nc1ccc(C#N)c(C(F)(F)F)c1,Eur J Med Chem,CHEMBL4513880,20400,20.4,No
CHEMBL4367683,Antiproliferative activity against human 22Rv1 cells assessed as reduction in cell growth incubated for 96 hrs by propidium iodide based 2D monolayer assay,CC(O)(CSc1cccc(S(F)(F)(F)(F)F)c1)C(=O)Nc1ccc(C#N)cc1C(F)(F)F,Eur J Med Chem,CHEMBL4448280,21600,21.6,No
CHEMBL4367683,Antiproliferative activity against human 22Rv1 cells assessed as reduction in cell growth incubated for 96 hrs by propidium iodide based 2D monolayer assay,CC(O)(CSc1ccc(S(F)(F)(F)(F)F)cc1)C(=O)Nc1ccc(S(F)(F)(F)(F)F)cc1,Eur J Med Chem,CHEMBL4556194,24400,24.4,No
CHEMBL4367683,Antiproliferative activity against human 22Rv1 cells assessed as reduction in cell growth incubated for 96 hrs by propidium iodide based 2D monolayer assay,CC(O)(CSc1cccc(C(F)(F)F)c1)C(=O)Nc1ccc(S(F)(F)(F)(F)F)cc1,Eur J Med Chem,CHEMBL4461145,23400,23.4,No
CHEMBL4367683,Antiproliferative activity against human 22Rv1 cells assessed as reduction in cell growth incubated for 96 hrs by propidium iodide based 2D monolayer assay,CC(O)(CSc1ccc(C(F)(F)F)cn1)C(=O)Nc1ccc(S(F)(F)(F)(F)F)cc1,Eur J Med Chem,CHEMBL4466371,20000,20,No
CHEMBL4367683,Antiproliferative activity against human 22Rv1 cells assessed as reduction in cell growth incubated for 96 hrs by propidium iodide based 2D monolayer assay,CC(O)(CSc1ccc(F)cc1)C(=O)Nc1cccc(S(F)(F)(F)(F)F)c1,Eur J Med Chem,CHEMBL4589651,30200,30.2,No
CHEMBL4367683,Antiproliferative activity against human 22Rv1 cells assessed as reduction in cell growth incubated for 96 hrs by propidium iodide based 2D monolayer assay,CC(O)(CSc1ccc(C(F)(F)F)cc1)C(=O)Nc1cccc(S(F)(F)(F)(F)F)c1,Eur J Med Chem,CHEMBL4464114,26900,26.9,No
CHEMBL4367683,Antiproliferative activity against human 22Rv1 cells assessed as reduction in cell growth incubated for 96 hrs by propidium iodide based 2D monolayer assay,CC(O)(COc1ccc(S(F)(F)(F)(F)F)cc1)C(=O)Nc1ccc(C#N)c(C(F)(F)F)c1,Eur J Med Chem,CHEMBL4522784,28200,28.2,No
CHEMBL4367683,Antiproliferative activity against human 22Rv1 cells assessed as reduction in cell growth incubated for 96 hrs by propidium iodide based 2D monolayer assay,CC(O)(COc1ccc(C#N)cc1)C(=O)Nc1ccc(C#N)c(C(F)(F)F)c1,Eur J Med Chem,CHEMBL3185021,24800,24.8,No
CHEMBL4367683,Antiproliferative activity against human 22Rv1 cells assessed as reduction in cell growth incubated for 96 hrs by propidium iodide based 2D monolayer assay,CC(O)(COc1ccc(OC(F)(F)F)cc1)C(=O)Nc1ccc(S(F)(F)(F)(F)F)cc1,Eur J Med Chem,CHEMBL4513921,27900,27.9,No
CHEMBL4367683,Antiproliferative activity against human 22Rv1 cells assessed as reduction in cell growth incubated for 96 hrs by propidium iodide based 2D monolayer assay,CC(O)(COc1ccc(C#N)cc1)C(=O)Nc1ccc(S(F)(F)(F)(F)F)cc1,Eur J Med Chem,CHEMBL4551430,26100,26.1,No
CHEMBL4367683,Antiproliferative activity against human 22Rv1 cells assessed as reduction in cell growth incubated for 96 hrs by propidium iodide based 2D monolayer assay,CC(O)(COc1ccc(C#N)c(F)c1)C(=O)Nc1ccc(S(F)(F)(F)(F)F)cc1,Eur J Med Chem,CHEMBL4576275,24300,24.3,No
CHEMBL4367683,Antiproliferative activity against human 22Rv1 cells assessed as reduction in cell growth incubated for 96 hrs by propidium iodide based 2D monolayer assay,CC(O)(COc1cccc(S(F)(F)(F)(F)F)c1)C(=O)Nc1cccc(S(F)(F)(F)(F)F)c1,Eur J Med Chem,CHEMBL4579097,27300,27.3,No
CHEMBL4367683,Antiproliferative activity against human 22Rv1 cells assessed as reduction in cell growth incubated for 96 hrs by propidium iodide based 2D monolayer assay,CC(O)(COc1cccc(C(F)(F)F)c1)C(=O)Nc1cccc(S(F)(F)(F)(F)F)c1,Eur J Med Chem,CHEMBL4525832,28900,28.9,No
CHEMBL4367683,Antiproliferative activity against human 22Rv1 cells assessed as reduction in cell growth incubated for 96 hrs by propidium iodide based 2D monolayer assay,CC(O)(COc1ccccc1C(F)(F)F)C(=O)Nc1cccc(S(F)(F)(F)(F)F)c1,Eur J Med Chem,CHEMBL4552358,34900,34.9,No
CHEMBL4367683,Antiproliferative activity against human 22Rv1 cells assessed as reduction in cell growth incubated for 96 hrs by propidium iodide based 2D monolayer assay,CC(O)(COc1ccccc1OC(F)(F)F)C(=O)Nc1cccc(S(F)(F)(F)(F)F)c1,Eur J Med Chem,CHEMBL4583385,30000,30,No
CHEMBL4367683,Antiproliferative activity against human 22Rv1 cells assessed as reduction in cell growth incubated for 96 hrs by propidium iodide based 2D monolayer assay,CC(O)(COc1ccc(C#N)cc1)C(=O)Nc1cccc(S(F)(F)(F)(F)F)c1,Eur J Med Chem,CHEMBL4436003,32500,32.5,No
CHEMBL4367683,Antiproliferative activity against human 22Rv1 cells assessed as reduction in cell growth incubated for 96 hrs by propidium iodide based 2D monolayer assay,CC(O)(COc1ccc(C#N)c(F)c1)C(=O)Nc1cccc(S(F)(F)(F)(F)F)c1,Eur J Med Chem,CHEMBL4450371,63400,63.4,No
CHEMBL4367683,Antiproliferative activity against human 22Rv1 cells assessed as reduction in cell growth incubated for 96 hrs by propidium iodide based 2D monolayer assay,CC(O)(CS(=O)(=O)c1cccc(S(F)(F)(F)(F)F)c1)C(=O)Nc1ccc([N+](=O)[O-])cc1C(F)(F)F,Eur J Med Chem,CHEMBL4449561,100000,100,No
CHEMBL4367683,Antiproliferative activity against human 22Rv1 cells assessed as reduction in cell growth incubated for 96 hrs by propidium iodide based 2D monolayer assay,CC(O)(CS(=O)(=O)c1cccc(S(F)(F)(F)(F)F)c1)C(=O)Nc1ccc(S(F)(F)(F)(F)F)cc1,Eur J Med Chem,CHEMBL4457017,39900,39.9,No
CHEMBL4367683,Antiproliferative activity against human 22Rv1 cells assessed as reduction in cell growth incubated for 96 hrs by propidium iodide based 2D monolayer assay,CC(O)(CS(=O)(=O)c1ccc(F)cc1)C(=O)Nc1ccc(S(F)(F)(F)(F)F)cc1,Eur J Med Chem,CHEMBL4582391,20600,20.6,No
CHEMBL4367683,Antiproliferative activity against human 22Rv1 cells assessed as reduction in cell growth incubated for 96 hrs by propidium iodide based 2D monolayer assay,CC(O)(CS(=O)(=O)c1ccc(C(F)(F)F)cc1)C(=O)Nc1ccc(S(F)(F)(F)(F)F)cc1,Eur J Med Chem,CHEMBL4463808,28900,28.9,No
CHEMBL4367683,Antiproliferative activity against human 22Rv1 cells assessed as reduction in cell growth incubated for 96 hrs by propidium iodide based 2D monolayer assay,CC(O)(CS(=O)(=O)c1cccc(C(F)(F)F)c1)C(=O)Nc1ccc(S(F)(F)(F)(F)F)cc1,Eur J Med Chem,CHEMBL4452812,23800,23.8,No
CHEMBL4367683,Antiproliferative activity against human 22Rv1 cells assessed as reduction in cell growth incubated for 96 hrs by propidium iodide based 2D monolayer assay,CC(O)(CS(=O)(=O)c1ccc(OC(F)(F)F)cc1)C(=O)Nc1ccc(S(F)(F)(F)(F)F)cc1,Eur J Med Chem,CHEMBL4538927,51900,51.9,No
CHEMBL4367683,Antiproliferative activity against human 22Rv1 cells assessed as reduction in cell growth incubated for 96 hrs by propidium iodide based 2D monolayer assay,CC(O)(CS(=O)(=O)c1cccc(OC(F)(F)F)c1)C(=O)Nc1ccc(S(F)(F)(F)(F)F)cc1,Eur J Med Chem,CHEMBL4573902,22400,22.4,No
CHEMBL4367683,Antiproliferative activity against human 22Rv1 cells assessed as reduction in cell growth incubated for 96 hrs by propidium iodide based 2D monolayer assay,CC(O)(CS(=O)(=O)c1ccc(F)cc1)C(=O)Nc1cccc(S(F)(F)(F)(F)F)c1,Eur J Med Chem,CHEMBL4442203,38900,38.9,No
CHEMBL4367683,Antiproliferative activity against human 22Rv1 cells assessed as reduction in cell growth incubated for 96 hrs by propidium iodide based 2D monolayer assay,CC(O)(CS(=O)(=O)c1cccc(C(F)(F)F)c1)C(=O)Nc1cccc(S(F)(F)(F)(F)F)c1,Eur J Med Chem,CHEMBL4518552,24600,24.6,No
CHEMBL4367683,Antiproliferative activity against human 22Rv1 cells assessed as reduction in cell growth incubated for 96 hrs by propidium iodide based 2D monolayer assay,CC(O)(CS(=O)(=O)c1ccccc1C(F)(F)F)C(=O)Nc1cccc(S(F)(F)(F)(F)F)c1,Eur J Med Chem,CHEMBL4536461,27700,27.7,No
CHEMBL4367683,Antiproliferative activity against human 22Rv1 cells assessed as reduction in cell growth incubated for 96 hrs by propidium iodide based 2D monolayer assay,CC(O)(CS(=O)(=O)c1ccc(OC(F)(F)F)cc1)C(=O)Nc1cccc(S(F)(F)(F)(F)F)c1,Eur J Med Chem,CHEMBL4514844,31200,31.2,No
CHEMBL4367683,Antiproliferative activity against human 22Rv1 cells assessed as reduction in cell growth incubated for 96 hrs by propidium iodide based 2D monolayer assay,CC(O)(CS(=O)(=O)c1cccc(OC(F)(F)F)c1)C(=O)Nc1cccc(S(F)(F)(F)(F)F)c1,Eur J Med Chem,CHEMBL4588894,20100,20.1,No
CHEMBL4367683,Antiproliferative activity against human 22Rv1 cells assessed as reduction in cell growth incubated for 96 hrs by propidium iodide based 2D monolayer assay,CC1(C)C(=O)N(c2ccc([N+](=O)[O-])c(C(F)(F)F)c2)C(=S)N1c1ccc(S(F)(F)(F)(F)F)cc1,Eur J Med Chem,CHEMBL4456578,100000,100,No
CHEMBL4367683,Antiproliferative activity against human 22Rv1 cells assessed as reduction in cell growth incubated for 96 hrs by propidium iodide based 2D monolayer assay,CC1(C)C(=O)N(c2ccc([N+](=O)[O-])c(C(F)(F)F)c2)C(=S)N1c1cccc(S(F)(F)(F)(F)F)c1,Eur J Med Chem,CHEMBL4441685,100000,100,No
CHEMBL4367683,Antiproliferative activity against human 22Rv1 cells assessed as reduction in cell growth incubated for 96 hrs by propidium iodide based 2D monolayer assay,CC1(C)C(=O)N(c2ccc(C#N)c(C(F)(F)F)c2)C(=S)N1c1cccc(S(F)(F)(F)(F)F)c1,Eur J Med Chem,CHEMBL4526800,100000,100,No
CHEMBL4367683,Antiproliferative activity against human 22Rv1 cells assessed as reduction in cell growth incubated for 96 hrs by propidium iodide based 2D monolayer assay,CC1(C)C(=O)N(c2ccc(C#N)cc2C(F)(F)F)C(=S)N1c1cccc(S(F)(F)(F)(F)F)c1,Eur J Med Chem,CHEMBL4436356,100000,100,No
CHEMBL4367683,Antiproliferative activity against human 22Rv1 cells assessed as reduction in cell growth incubated for 96 hrs by propidium iodide based 2D monolayer assay,CC1(C)C(=O)N(c2ccc([N+](=O)[O-])cc2C(F)(F)F)C(=S)N1c1ccc(S(F)(F)(F)(F)F)cc1,Eur J Med Chem,CHEMBL4517068,100000,100,No
CHEMBL4367683,Antiproliferative activity against human 22Rv1 cells assessed as reduction in cell growth incubated for 96 hrs by propidium iodide based 2D monolayer assay,CC1(C)C(=O)N(c2ccc([N+](=O)[O-])cc2C(F)(F)F)C(=S)N1c1cccc(S(F)(F)(F)(F)F)c1,Eur J Med Chem,CHEMBL4586170,43900,43.9,No
CHEMBL4367683,Antiproliferative activity against human 22Rv1 cells assessed as reduction in cell growth incubated for 96 hrs by propidium iodide based 2D monolayer assay,CC1(C)C(=O)N(c2ccc(S(F)(F)(F)(F)F)cc2)C(=S)N1c1ccc(C(F)(F)F)cc1,Eur J Med Chem,CHEMBL4553610,100000,100,No
CHEMBL4367683,Antiproliferative activity against human 22Rv1 cells assessed as reduction in cell growth incubated for 96 hrs by propidium iodide based 2D monolayer assay,CC1(C)C(=O)N(c2ccc(S(F)(F)(F)(F)F)cc2)C(=S)N1c1cccc(C(F)(F)F)c1,Eur J Med Chem,CHEMBL4551097,59600,59.6,No
CHEMBL4367683,Antiproliferative activity against human 22Rv1 cells assessed as reduction in cell growth incubated for 96 hrs by propidium iodide based 2D monolayer assay,CC1(C)C(=O)N(c2cccc(S(F)(F)(F)(F)F)c2)C(=S)N1c1ccc(C(F)(F)F)cc1,Eur J Med Chem,CHEMBL4437957,22400,22.4,No
CHEMBL4367683,Antiproliferative activity against human 22Rv1 cells assessed as reduction in cell growth incubated for 96 hrs by propidium iodide based 2D monolayer assay,CC1(C)C(=O)N(c2cccc(S(F)(F)(F)(F)F)c2)C(=S)N1c1cccc(C(F)(F)F)c1,Eur J Med Chem,CHEMBL4540892,100000,100,No
CHEMBL4367683,Antiproliferative activity against human 22Rv1 cells assessed as reduction in cell growth incubated for 96 hrs by propidium iodide based 2D monolayer assay,CNC(=O)c1ccc(N2C(=S)N(c3ccc(S(F)(F)(F)(F)F)cc3)C(=O)C2(C)C)cc1F,Eur J Med Chem,CHEMBL4574240,32100,32.1,No
CHEMBL4367683,Antiproliferative activity against human 22Rv1 cells assessed as reduction in cell growth incubated for 96 hrs by propidium iodide based 2D monolayer assay,CNC(=O)c1ccc(N2C(=S)N(c3cccc(S(F)(F)(F)(F)F)c3)C(=O)C2(C)C)cc1F,Eur J Med Chem,CHEMBL4528674,37300,37.3,No
CHEMBL4367683,Antiproliferative activity against human 22Rv1 cells assessed as reduction in cell growth incubated for 96 hrs by propidium iodide based 2D monolayer assay,CNC(=O)c1ccc(N2C(=S)N(c3ccc(C#N)c(C(F)(F)F)c3)C(=O)C2(C)C)cc1F,Eur J Med Chem,CHEMBL1082407,31800,31.8,No
CHEMBL4394444,Antiproliferative activity against human 22Rv1 cells measured after 96 hrs by celltiter-glo assay,COC(=O)c1ccc(CS(=O)(=O)Nc2ccc(-c3ccc(C(O)(C(F)(F)F)C(F)(F)F)cc3F)cc2)cc1,J Med Chem,CHEMBL4455520,23590,23.59,No
CHEMBL4394444,Antiproliferative activity against human 22Rv1 cells measured after 96 hrs by celltiter-glo assay,CNC(=O)c1ccc(N2C(=S)N(c3ccc(C#N)c(C(F)(F)F)c3)C(=O)C2(C)C)cc1F,J Med Chem,CHEMBL1082407,36660,36.66,No
CHEMBL4411622,Cytotoxicity against human 22Rv1 cells expressing full length androgen receptor H875Y point mutant assessed as reduction in cell viability after 48 hrs by MTS assay,CN(C)CCCn1c(=O)c2ccc3c(=O)n(CCCN(C)C)c(=O)c4c5[nH]c6ccccc6[nH]c5c(c1=O)c2c34.Cl.Cl,J Med Chem,CHEMBL4468209,10,0.01,Yes
CHEMBL4411622,Cytotoxicity against human 22Rv1 cells expressing full length androgen receptor H875Y point mutant assessed as reduction in cell viability after 48 hrs by MTS assay,CN(C)CCN1C(=O)c2ccc3c4c(c(C#Cc5ccc(CN(C)C)c(O)c5)cc(c24)C1=O)C(=O)N(CCN(C)C)C3=O.Cl.Cl.Cl,J Med Chem,CHEMBL4526946,970,0.97,Yes
CHEMBL4411622,Cytotoxicity against human 22Rv1 cells expressing full length androgen receptor H875Y point mutant assessed as reduction in cell viability after 48 hrs by MTS assay,CN(C)CCN1C(=O)c2ccc3c4c(c(NCCc5ccc(O)c(CN(C)C)c5)cc(c24)C1=O)C(=O)N(CCN(C)C)C3=O.Cl.Cl.Cl,J Med Chem,CHEMBL4565909,100,0.1,Yes
CHEMBL4477863,Antiproliferative activity against human 22Rv1 cells after 96 hrs by propidium iodide staining based fluorescence 2D monolayer assay,CC(O)(COc1ccc(C(F)(F)F)cc1)C(=O)Nc1ccc(C#N)cc1C(F)(F)F,Eur J Med Chem,CHEMBL4582085,29910,29.91,No
CHEMBL4477863,Antiproliferative activity against human 22Rv1 cells after 96 hrs by propidium iodide staining based fluorescence 2D monolayer assay,CC(O)(COc1ccc(C(F)(F)F)cn1)C(=O)Nc1ccc([N+](=O)[O-])c(C(F)(F)F)c1,Eur J Med Chem,CHEMBL4520829,35220,35.22,No
CHEMBL4477863,Antiproliferative activity against human 22Rv1 cells after 96 hrs by propidium iodide staining based fluorescence 2D monolayer assay,CC(O)(COc1ccc(F)cc1F)C(=O)Nc1ccc([N+](=O)[O-])c(C(F)(F)F)c1,Eur J Med Chem,CHEMBL4533200,20160,20.16,No
CHEMBL4477863,Antiproliferative activity against human 22Rv1 cells after 96 hrs by propidium iodide staining based fluorescence 2D monolayer assay,CC(O)(COc1ccc(C#N)cc1)C(=O)Nc1ccc([N+](=O)[O-])c(C(F)(F)F)c1,Eur J Med Chem,CHEMBL4525698,30920,30.92,No
CHEMBL4477863,Antiproliferative activity against human 22Rv1 cells after 96 hrs by propidium iodide staining based fluorescence 2D monolayer assay,CC(O)(COc1ccccc1C(F)(F)F)C(=O)Nc1ccc([N+](=O)[O-])c(C(F)(F)F)c1,Eur J Med Chem,CHEMBL4482919,20160,20.16,No
CHEMBL4477863,Antiproliferative activity against human 22Rv1 cells after 96 hrs by propidium iodide staining based fluorescence 2D monolayer assay,CC(O)(COc1ccc(C(F)(F)F)cn1)C(=O)Nc1ccc(C#N)c(C(F)(F)F)c1,Eur J Med Chem,CHEMBL4593765,100000,100,No
CHEMBL4477863,Antiproliferative activity against human 22Rv1 cells after 96 hrs by propidium iodide staining based fluorescence 2D monolayer assay,CC(O)(COc1ccc(F)cc1F)C(=O)Nc1ccc(C#N)c(C(F)(F)F)c1,Eur J Med Chem,CHEMBL4531189,34000,34,No
CHEMBL4477863,Antiproliferative activity against human 22Rv1 cells after 96 hrs by propidium iodide staining based fluorescence 2D monolayer assay,CC(O)(COc1ccc(F)c(F)c1)C(=O)Nc1ccc(C#N)c(C(F)(F)F)c1,Eur J Med Chem,CHEMBL4535759,35540,35.54,No
CHEMBL4477863,Antiproliferative activity against human 22Rv1 cells after 96 hrs by propidium iodide staining based fluorescence 2D monolayer assay,CC(O)(CSc1ccc(OC(F)(F)F)cc1)C(=O)Nc1ccc([N+](=O)[O-])cc1C(F)(F)F,Eur J Med Chem,CHEMBL4584644,61920,61.92,No
CHEMBL4477863,Antiproliferative activity against human 22Rv1 cells after 96 hrs by propidium iodide staining based fluorescence 2D monolayer assay,CC(O)(CSc1ccc(F)c(F)c1)C(=O)Nc1ccc([N+](=O)[O-])cc1C(F)(F)F,Eur J Med Chem,CHEMBL4549796,83590,83.59,No
CHEMBL4477863,Antiproliferative activity against human 22Rv1 cells after 96 hrs by propidium iodide staining based fluorescence 2D monolayer assay,CC(O)(CSc1ccc(F)cc1)C(=O)Nc1ccc(C#N)cc1C(F)(F)F,Eur J Med Chem,CHEMBL4557725,30080,30.08,No
CHEMBL4477863,Antiproliferative activity against human 22Rv1 cells after 96 hrs by propidium iodide staining based fluorescence 2D monolayer assay,CC(O)(CSc1ccc(C(F)(F)F)cn1)C(=O)Nc1ccc(C#N)c(C(F)(F)F)c1,Eur J Med Chem,CHEMBL4558409,53910,53.91,No
CHEMBL4477863,Antiproliferative activity against human 22Rv1 cells after 96 hrs by propidium iodide staining based fluorescence 2D monolayer assay,CC(O)(CSc1ccc(OC(F)(F)F)cc1)C(=O)Nc1ccc(C#N)c(C(F)(F)F)c1,Eur J Med Chem,CHEMBL4532191,46620,46.62,No
CHEMBL4477863,Antiproliferative activity against human 22Rv1 cells after 96 hrs by propidium iodide staining based fluorescence 2D monolayer assay,CC(O)(COc1ccc(C#N)cc1)C(=O)Nc1ccc(C#N)cc1C(F)(F)F,Eur J Med Chem,CHEMBL4578937,42935,42.935,No
CHEMBL4477863,Antiproliferative activity against human 22Rv1 cells after 96 hrs by propidium iodide staining based fluorescence 2D monolayer assay,CC(O)(COc1ccc(F)c(F)c1)C(=O)Nc1ccc(C#N)cc1C(F)(F)F,Eur J Med Chem,CHEMBL4583013,37030,37.03,No
CHEMBL4477863,Antiproliferative activity against human 22Rv1 cells after 96 hrs by propidium iodide staining based fluorescence 2D monolayer assay,CC(O)(COc1ccc(F)cc1F)C(=O)Nc1ccc(C#N)cc1C(F)(F)F,Eur J Med Chem,CHEMBL4579902,60920,60.92,No
CHEMBL4477863,Antiproliferative activity against human 22Rv1 cells after 96 hrs by propidium iodide staining based fluorescence 2D monolayer assay,CC(O)(COc1ccc(OC(F)(F)F)cc1)C(=O)Nc1ccc(C#N)cc1C(F)(F)F,Eur J Med Chem,CHEMBL4560812,27990,27.99,No
CHEMBL4477863,Antiproliferative activity against human 22Rv1 cells after 96 hrs by propidium iodide staining based fluorescence 2D monolayer assay,CC(O)(COc1cccc(OC(F)(F)F)c1)C(=O)Nc1ccc(C#N)cc1C(F)(F)F,Eur J Med Chem,CHEMBL4553533,28650,28.65,No
CHEMBL4477863,Antiproliferative activity against human 22Rv1 cells after 96 hrs by propidium iodide staining based fluorescence 2D monolayer assay,CC(O)(COc1ccc(C#N)c(F)c1)C(=O)Nc1ccc(C#N)cc1C(F)(F)F,Eur J Med Chem,CHEMBL4545276,45340,45.34,No
CHEMBL4477863,Antiproliferative activity against human 22Rv1 cells after 96 hrs by propidium iodide staining based fluorescence 2D monolayer assay,CC(O)(COc1ccc(C(F)(F)F)cn1)C(=O)Nc1ccc(C#N)cc1C(F)(F)F,Eur J Med Chem,CHEMBL4518330,100000,100,No
CHEMBL4477863,Antiproliferative activity against human 22Rv1 cells after 96 hrs by propidium iodide staining based fluorescence 2D monolayer assay,CC(O)(CS(=O)(=O)c1ccc(F)cc1)C(=O)Nc1ccc(C#N)c(C(F)(F)F)c1,Eur J Med Chem,CHEMBL409,49577,49.577,No
CHEMBL4477863,Antiproliferative activity against human 22Rv1 cells after 96 hrs by propidium iodide staining based fluorescence 2D monolayer assay,CC(O)(COc1cccc(C(F)(F)F)c1)C(=O)Nc1ccc(C(F)(F)F)cc1,Eur J Med Chem,CHEMBL4576882,25680,25.68,No
CHEMBL4477863,Antiproliferative activity against human 22Rv1 cells after 96 hrs by propidium iodide staining based fluorescence 2D monolayer assay,CC(O)(CS(=O)(=O)c1ccc(C(F)(F)F)cc1)C(=O)Nc1ccc(C#N)c(C(F)(F)F)c1,Eur J Med Chem,CHEMBL4552713,21540,21.54,No
CHEMBL4477863,Antiproliferative activity against human 22Rv1 cells after 96 hrs by propidium iodide staining based fluorescence 2D monolayer assay,CC(O)(CS(=O)(=O)c1cccc(C(F)(F)F)c1)C(=O)Nc1ccc(C#N)c(C(F)(F)F)c1,Eur J Med Chem,CHEMBL4585508,20954,20.954,No
CHEMBL4477863,Antiproliferative activity against human 22Rv1 cells after 96 hrs by propidium iodide staining based fluorescence 2D monolayer assay,CC(O)(CS(=O)(=O)c1ccccc1C(F)(F)F)C(=O)Nc1ccc(C#N)c(C(F)(F)F)c1,Eur J Med Chem,CHEMBL4543957,46550,46.55,No
CHEMBL4477863,Antiproliferative activity against human 22Rv1 cells after 96 hrs by propidium iodide staining based fluorescence 2D monolayer assay,CC(O)(CS(=O)(=O)c1ccc(C(F)(F)F)cn1)C(=O)Nc1ccc(C#N)c(C(F)(F)F)c1,Eur J Med Chem,CHEMBL4551595,100000,100,No
CHEMBL4477863,Antiproliferative activity against human 22Rv1 cells after 96 hrs by propidium iodide staining based fluorescence 2D monolayer assay,CC(O)(CS(=O)(=O)c1ccc(F)cc1)C(=O)Nc1ccc(C#N)cc1C(F)(F)F,Eur J Med Chem,CHEMBL4581759,77000,77,No
CHEMBL4477863,Antiproliferative activity against human 22Rv1 cells after 96 hrs by propidium iodide staining based fluorescence 2D monolayer assay,CC(O)(CS(=O)(=O)c1ccc(C(F)(F)F)cc1)C(=O)Nc1ccc(C#N)cc1C(F)(F)F,Eur J Med Chem,CHEMBL4575675,27870,27.87,No
CHEMBL4477863,Antiproliferative activity against human 22Rv1 cells after 96 hrs by propidium iodide staining based fluorescence 2D monolayer assay,CC(O)(CS(=O)(=O)c1cccc(C(F)(F)F)c1)C(=O)Nc1ccc(C#N)cc1C(F)(F)F,Eur J Med Chem,CHEMBL4521349,34350,34.35,No
CHEMBL4477863,Antiproliferative activity against human 22Rv1 cells after 96 hrs by propidium iodide staining based fluorescence 2D monolayer assay,CC(O)(CS(=O)(=O)c1ccccc1C(F)(F)F)C(=O)Nc1ccc(C#N)cc1C(F)(F)F,Eur J Med Chem,CHEMBL4576047,98820,98.82,No
CHEMBL4477863,Antiproliferative activity against human 22Rv1 cells after 96 hrs by propidium iodide staining based fluorescence 2D monolayer assay,CC(O)(CS(=O)(=O)c1ccc(F)cc1)C(=O)Nc1ccc([N+](=O)[O-])cc1C(F)(F)F,Eur J Med Chem,CHEMBL4574383,46670,46.67,No
CHEMBL4477863,Antiproliferative activity against human 22Rv1 cells after 96 hrs by propidium iodide staining based fluorescence 2D monolayer assay,CC(O)(CS(=O)(=O)c1ccc(C(F)(F)F)cc1)C(=O)Nc1ccc([N+](=O)[O-])cc1C(F)(F)F,Eur J Med Chem,CHEMBL4580927,25390,25.39,No
CHEMBL4477863,Antiproliferative activity against human 22Rv1 cells after 96 hrs by propidium iodide staining based fluorescence 2D monolayer assay,CC(O)(CS(=O)(=O)c1ccccc1C(F)(F)F)C(=O)Nc1ccc([N+](=O)[O-])cc1C(F)(F)F,Eur J Med Chem,CHEMBL4516905,28330,28.33,No
CHEMBL4477863,Antiproliferative activity against human 22Rv1 cells after 96 hrs by propidium iodide staining based fluorescence 2D monolayer assay,CC(O)(CS(=O)(=O)c1ccc(F)c(F)c1)C(=O)Nc1ccc([N+](=O)[O-])cc1C(F)(F)F,Eur J Med Chem,CHEMBL4554499,33580,33.58,No
CHEMBL4477863,Antiproliferative activity against human 22Rv1 cells after 96 hrs by propidium iodide staining based fluorescence 2D monolayer assay,CC(O)(CS(=O)(=O)c1ccc(F)cc1F)C(=O)Nc1ccc([N+](=O)[O-])cc1C(F)(F)F,Eur J Med Chem,CHEMBL4533317,30240,30.24,No
CHEMBL4477863,Antiproliferative activity against human 22Rv1 cells after 96 hrs by propidium iodide staining based fluorescence 2D monolayer assay,CC(O)(CS(=O)(=O)c1ccccc1OC(F)(F)F)C(=O)Nc1ccc([N+](=O)[O-])cc1C(F)(F)F,Eur J Med Chem,CHEMBL4584447,28790,28.79,No
CHEMBL4477863,Antiproliferative activity against human 22Rv1 cells after 96 hrs by propidium iodide staining based fluorescence 2D monolayer assay,CC(O)(CS(=O)(=O)c1ccc(C(F)(F)F)cn1)C(=O)Nc1ccc([N+](=O)[O-])cc1C(F)(F)F,Eur J Med Chem,CHEMBL4537876,100000,100,No
CHEMBL4477863,Antiproliferative activity against human 22Rv1 cells after 96 hrs by propidium iodide staining based fluorescence 2D monolayer assay,CC(O)(CS(=O)(=O)c1cc(C(F)(F)F)ccn1)C(=O)Nc1ccc([N+](=O)[O-])cc1C(F)(F)F,Eur J Med Chem,CHEMBL4566975,46460,46.46,No
CHEMBL4477863,Antiproliferative activity against human 22Rv1 cells after 96 hrs by propidium iodide staining based fluorescence 2D monolayer assay,C[C@](O)(CSc1ccc(OC(F)(F)F)cc1)C(=O)Nc1ccc(C#N)c(C(F)(F)F)c1,Eur J Med Chem,CHEMBL4526555,28810,28.81,No
CHEMBL4477863,Antiproliferative activity against human 22Rv1 cells after 96 hrs by propidium iodide staining based fluorescence 2D monolayer assay,C[C@](O)(COc1ccc(C#N)cc1)C(=O)Nc1ccc(C#N)c(C(F)(F)F)c1,Eur J Med Chem,CHEMBL1738889,24770,24.77,No
CHEMBL4477863,Antiproliferative activity against human 22Rv1 cells after 96 hrs by propidium iodide staining based fluorescence 2D monolayer assay,C[C@](O)(CS(=O)(=O)c1ccc(F)cc1)C(=O)Nc1ccc(C#N)c(C(F)(F)F)c1,Eur J Med Chem,CHEMBL63560,46250,46.25,No
CHEMBL4477863,Antiproliferative activity against human 22Rv1 cells after 96 hrs by propidium iodide staining based fluorescence 2D monolayer assay,C[C@](O)(CS(=O)(=O)c1ccc(C(F)(F)F)cc1)C(=O)Nc1ccc(C#N)c(C(F)(F)F)c1,Eur J Med Chem,CHEMBL4585541,20190,20.19,No
CHEMBL4477863,Antiproliferative activity against human 22Rv1 cells after 96 hrs by propidium iodide staining based fluorescence 2D monolayer assay,C[C@](O)(CS(=O)(=O)c1cccc(C(F)(F)F)c1)C(=O)Nc1ccc(C#N)c(C(F)(F)F)c1,Eur J Med Chem,CHEMBL4540249,25660,25.66,No
CHEMBL4477863,Antiproliferative activity against human 22Rv1 cells after 96 hrs by propidium iodide staining based fluorescence 2D monolayer assay,C[C@](O)(CS(=O)(=O)c1ccccc1C(F)(F)F)C(=O)Nc1ccc(C#N)c(C(F)(F)F)c1,Eur J Med Chem,CHEMBL4575699,34750,34.75,No
CHEMBL4477863,Antiproliferative activity against human 22Rv1 cells after 96 hrs by propidium iodide staining based fluorescence 2D monolayer assay,C[C@](O)(CS(=O)(=O)c1ccc(F)cc1F)C(=O)Nc1ccc(C#N)c(C(F)(F)F)c1,Eur J Med Chem,CHEMBL4574316,42250,42.25,No
CHEMBL4477863,Antiproliferative activity against human 22Rv1 cells after 96 hrs by propidium iodide staining based fluorescence 2D monolayer assay,C[C@](O)(CS(=O)(=O)c1ccc(F)cc1)C(=O)Nc1ccc(C#N)cc1C(F)(F)F,Eur J Med Chem,CHEMBL4576691,100000,100,No
CHEMBL4477863,Antiproliferative activity against human 22Rv1 cells after 96 hrs by propidium iodide staining based fluorescence 2D monolayer assay,CNC(=O)c1ccc(N2C(=S)N(c3ccc(C#N)c(C(F)(F)F)c3)C(=O)C2(C)C)cc1F,Eur J Med Chem,CHEMBL1082407,31760,31.76,No
CHEMBL4477863,Antiproliferative activity against human 22Rv1 cells after 96 hrs by propidium iodide staining based fluorescence 2D monolayer assay,CC1(C)C(=O)N(c2ccc(C(F)(F)F)cc2)C(=O)N1c1ccc(C#N)c(C(F)(F)F)c1,Eur J Med Chem,CHEMBL4545163,63580,63.58,No
CHEMBL4477863,Antiproliferative activity against human 22Rv1 cells after 96 hrs by propidium iodide staining based fluorescence 2D monolayer assay,CC1(C)C(=O)N(c2cccc(C(F)(F)F)c2)C(=O)N1c1ccc([N+](=O)[O-])c(C(F)(F)F)c1,Eur J Med Chem,CHEMBL4517698,100000,100,No
CHEMBL4477863,Antiproliferative activity against human 22Rv1 cells after 96 hrs by propidium iodide staining based fluorescence 2D monolayer assay,CC1(C)C(=O)N(c2ccc(C(F)(F)F)cc2)C(=O)N1c1ccc(C#N)cc1C(F)(F)F,Eur J Med Chem,CHEMBL4533483,100000,100,No
CHEMBL4477863,Antiproliferative activity against human 22Rv1 cells after 96 hrs by propidium iodide staining based fluorescence 2D monolayer assay,CC1(C)C(=O)N(c2cccc(C(F)(F)F)c2)C(=O)N1c1ccc(C#N)cc1C(F)(F)F,Eur J Med Chem,CHEMBL4552645,59310,59.31,No
CHEMBL4477863,Antiproliferative activity against human 22Rv1 cells after 96 hrs by propidium iodide staining based fluorescence 2D monolayer assay,CC1(C)C(=O)N(c2ccc(C(F)(F)F)cc2)C(=O)N1c1cccc(C(F)(F)F)c1,Eur J Med Chem,CHEMBL4589615,100000,100,No
CHEMBL4477863,Antiproliferative activity against human 22Rv1 cells after 96 hrs by propidium iodide staining based fluorescence 2D monolayer assay,CC1(C)C(=O)N(c2cccc(C(F)(F)F)c2)C(=O)N1c1cccc(C(F)(F)F)c1,Eur J Med Chem,CHEMBL4529395,60680,60.68,No
CHEMBL4477863,Antiproliferative activity against human 22Rv1 cells after 96 hrs by propidium iodide staining based fluorescence 2D monolayer assay,CC1(C)C(=O)N(c2cccc(C(F)(F)F)c2)C(=O)N1c1ccc(C(F)(F)F)cc1,Eur J Med Chem,CHEMBL4584549,92470,92.47,No
CHEMBL4477863,Antiproliferative activity against human 22Rv1 cells after 96 hrs by propidium iodide staining based fluorescence 2D monolayer assay,CC1(C)C(=O)N(c2cccc(C(F)(F)F)c2)C(=O)N1c1ccccc1C(F)(F)F,Eur J Med Chem,CHEMBL4556561,100000,100,No
CHEMBL4477895,Antiproliferative activity against human 22Rv1 cells assessed as relative inhibition after 96 hrs by propidium iodide staining based fluorescence 2D monolayer assay,CC(O)(CS(=O)(=O)c1ccc(F)cc1)C(=O)Nc1ccc(C#N)c(C(F)(F)F)c1,Eur J Med Chem,CHEMBL409,48490,48.49,No
CHEMBL4477895,Antiproliferative activity against human 22Rv1 cells assessed as relative inhibition after 96 hrs by propidium iodide staining based fluorescence 2D monolayer assay,C[C@](O)(CS(=O)(=O)c1ccc(F)cc1)C(=O)Nc1ccc(C#N)c(C(F)(F)F)c1,Eur J Med Chem,CHEMBL63560,44588,44.588,No
CHEMBL4477895,Antiproliferative activity against human 22Rv1 cells assessed as relative inhibition after 96 hrs by propidium iodide staining based fluorescence 2D monolayer assay,CC1(C)C(=O)N(c2ccc(C(F)(F)F)cc2)C(=O)N1c1ccc([N+](=O)[O-])c(C(F)(F)F)c1,Eur J Med Chem,CHEMBL4577418,41632,41.632,No
CHEMBL4479405,Antiproliferative activity against human CWR22Rv1 cells after 7 days by MTT assay,C[C@]12CC[C@H](OCc3cccnc3)CC1=CC[C@@H]1[C@@H]2CC[C@]2(C)C(n3cnc4ccccc43)=CC[C@@H]12,ACS Med Chem Lett,CHEMBL4581336,810,0.81,Yes
CHEMBL4479405,Antiproliferative activity against human CWR22Rv1 cells after 7 days by MTT assay,C[C@]12CC[C@@H]3c4ccc(O)cc4CC[C@H]3[C@@H]1CC=C2n1cnc2ccccc21,ACS Med Chem Lett,CHEMBL4552506,500,0.5,Yes
CHEMBL4481515,Cytotoxicity against human 22Rv1 cells after 72 hrs by MTS assay,COc1cc(Nc2ccnc3ccc(Br)cc23)cc(OC)c1OC,J Med Chem,CHEMBL4443342,170,0.17,Yes
CHEMBL4606728,Growth inhibition of human 22Rv1 cells after 5 days by SRB assay,O=C(c1cc(Cc2n[nH]c(=O)c3ccccc23)ccc1F)N1CCN(C(=O)C2CC2)CC1,J Med Chem,CHEMBL521686,33800,33.8,No
CHEMBL4606728,Growth inhibition of human 22Rv1 cells after 5 days by SRB assay,CS(=O)(=O)OCCCCOS(C)(=O)=O,J Med Chem,CHEMBL820,24300,24.3,No
CHEMBL4610548,Antiproliferative activity against human 22Rv1 cells assessed as reduction in cell viability,COc1ccccc1S(=O)(=O)Nc1ccc2c3c(cc(CCC(=O)NCCCCNc4cccc5c4C(=O)N(C4CCC(=O)NC4=O)C5=O)cc13)C(=O)N2C,Bioorg Med Chem,CHEMBL4633483,81,0.081,Yes
CHEMBL4619227,Suppression of AR-V7 expression in human CWR22Rv1 cells expressing GFP measured after 3 days by FACS assay,CO[C@]1(C)C[C@@]2(CO2)[C@H](O)[C@@H](/C=C/C(C)=C/C[C@@H]2O[C@H](C)[C@H](NC(=O)/C=C\[C@H](C)OC(C)=O)C[C@@H]2C)O1,ACS Med Chem Lett,CHEMBL1221942,0.6,0.0006,Yes
CHEMBL4619227,Suppression of AR-V7 expression in human CWR22Rv1 cells expressing GFP measured after 3 days by FACS assay,CC(=O)O[C@@H](C)/C=C\C(=O)N[C@@H]1C[C@H](C)[C@H](C/C=C(C)/C=C/[C@H]2OCC[C@@]3(CO3)[C@@H]2O)O[C@@H]1C,ACS Med Chem Lett,CHEMBL4647666,3.3,0.0033,Yes
CHEMBL4619227,Suppression of AR-V7 expression in human CWR22Rv1 cells expressing GFP measured after 3 days by FACS assay,CC(=O)O[C@@H](C)/C=C\C(=O)N[C@@H]1C[C@H](C)[C@H](C/C=C(C)/C=C/[C@H]2OCC[C@]3(O[C@@H]3C)[C@@H]2O)O[C@@H]1C,ACS Med Chem Lett,CHEMBL4646797,202,0.202,Yes
CHEMBL4619227,Suppression of AR-V7 expression in human CWR22Rv1 cells expressing GFP measured after 3 days by FACS assay,CC(=O)O[C@@H](C)/C=C\C(=O)N[C@@H]1C[C@H](C)[C@H](C/C=C(C)/C=C/[C@H]2OCC[C@]3(O[C@H]3C)[C@@H]2O)O[C@@H]1C,ACS Med Chem Lett,CHEMBL4635550,187,0.187,Yes
CHEMBL4619830,Antiproliferative activity against human 22Rv1 cells assessed as cell growth inhibition,CCn1c(=O)/c(=C2\Sc3ccccc3N2C)s/c1=C\c1ccncc1Nc1ccccc1C,Bioorg Med Chem Lett,CHEMBL4634735,470,0.47,Yes
CHEMBL4619830,Antiproliferative activity against human 22Rv1 cells assessed as cell growth inhibition,CCn1c(=O)/c(=C2\Sc3ccccc3N2C)s/c1=C\c1ccncc1Nc1ccccc1Cl,Bioorg Med Chem Lett,CHEMBL4647280,460,0.46,Yes
CHEMBL4619830,Antiproliferative activity against human 22Rv1 cells assessed as cell growth inhibition,CCn1c(=O)/c(=C2\Sc3ccccc3N2C)s/c1=C\c1ccncc1Nc1ccccc1F,Bioorg Med Chem Lett,CHEMBL4634734,300,0.3,Yes
CHEMBL4619830,Antiproliferative activity against human 22Rv1 cells assessed as cell growth inhibition,CCn1c(=O)/c(=C2\Sc3ccc(C)cc3N2C)s/c1=C\c1ccncc1Nc1ccccc1C,Bioorg Med Chem Lett,CHEMBL4645949,480,0.48,Yes
CHEMBL4619830,Antiproliferative activity against human 22Rv1 cells assessed as cell growth inhibition,CCn1c(=O)/c(=C2\Sc3ccc(C)cc3N2C)s/c1=C\c1ccncc1Nc1ccccc1Cl,Bioorg Med Chem Lett,CHEMBL4637513,350,0.35,Yes
CHEMBL4619830,Antiproliferative activity against human 22Rv1 cells assessed as cell growth inhibition,CCn1c(=O)/c(=C2\Sc3ccc(C)cc3N2C)s/c1=C\c1ccncc1Nc1ccccc1F,Bioorg Med Chem Lett,CHEMBL4637547,150,0.15,Yes
CHEMBL4619830,Antiproliferative activity against human 22Rv1 cells assessed as cell growth inhibition,CCn1c(=O)/c(=C2\Sc3ccc(OC)cc3N2C)s/c1=C\c1ccncc1Nc1ccccc1C,Bioorg Med Chem Lett,CHEMBL4635971,410,0.41,Yes
CHEMBL4619830,Antiproliferative activity against human 22Rv1 cells assessed as cell growth inhibition,CCn1c(=O)/c(=C2\Sc3ccc(OC)cc3N2C)s/c1=C\c1ccncc1Nc1ccccc1Cl,Bioorg Med Chem Lett,CHEMBL4640077,500,0.5,Yes
CHEMBL4619830,Antiproliferative activity against human 22Rv1 cells assessed as cell growth inhibition,CCn1c(=O)/c(=C2\Sc3ccc(OC)cc3N2C)s/c1=C\c1ccncc1Nc1ccccc1F,Bioorg Med Chem Lett,CHEMBL4645671,190,0.19,Yes
CHEMBL4619830,Antiproliferative activity against human 22Rv1 cells assessed as cell growth inhibition,CCn1c(=O)/c(=C2\Sc3cc(F)ccc3N2C)s/c1=C\c1ccncc1Nc1ccccc1Cl,Bioorg Med Chem Lett,CHEMBL4634602,490,0.49,Yes
CHEMBL4619830,Antiproliferative activity against human 22Rv1 cells assessed as cell growth inhibition,CCn1c(=O)/c(=C2\Sc3cc(F)ccc3N2C)s/c1=C\c1ccncc1Nc1ccccc1F,Bioorg Med Chem Lett,CHEMBL4639416,150,0.15,Yes
CHEMBL4624723,Antiproliferative activity against human 22Rv1 cells assessed as reduction in cell viability incubated for 4 days by coulter counter method,Oc1cccc(-c2nc(N3CCOCC3)c3oc4ncccc4c3n2)c1,Bioorg Med Chem Lett,CHEMBL573339,100,0.1,Yes
CHEMBL4624723,Antiproliferative activity against human 22Rv1 cells assessed as reduction in cell viability incubated for 4 days by coulter counter method,CC1(C)OB(c2cccc(-c3nc(N4CCOCC4)c4oc5ncccc5c4n3)c2)OC1(C)C,Bioorg Med Chem Lett,CHEMBL4636906,660,0.66,Yes
CHEMBL4699939,Cytotoxicity against human 22Rv1 cells assessed as reduction in cell viability in presence of Cu2+ incubated for 72 hrs by cell titer-glo luminescent cell viability assay,CN(C)C(=S)NN=Cc1nccc2cc(F)ccc12,RSC Med Chem,CHEMBL4764390,1,0.001,Yes
CHEMBL4713830,Antiproliferative activity against human 22Rv1 cells assessed as reduction in cell viability,CC(O)(C[S+]([O-])c1ccc(C(F)(F)F)cc1)C(=O)Nc1ccc([N+](=O)[O-])cc1C(F)(F)F,Bioorg Med Chem Lett,CHEMBL4779433,21130,21.13,No
CHEMBL4713830,Antiproliferative activity against human 22Rv1 cells assessed as reduction in cell viability,CC(O)(C[S+]([O-])c1ccc(F)cc1F)C(=O)Nc1ccc([N+](=O)[O-])cc1C(F)(F)F,Bioorg Med Chem Lett,CHEMBL4760488,51143,51.143,No
CHEMBL4713830,Antiproliferative activity against human 22Rv1 cells assessed as reduction in cell viability,CC(O)(C[S+]([O-])c1ccc(OC(F)(F)F)cc1)C(=O)Nc1ccc(C#N)c(C(F)(F)F)c1,Bioorg Med Chem Lett,CHEMBL4783997,41160,41.16,No
CHEMBL4713830,Antiproliferative activity against human 22Rv1 cells assessed as reduction in cell viability,CC(O)(C[S+]([O-])c1ccc(C(F)(F)F)cn1)C(=O)Nc1ccc(C#N)c(C(F)(F)F)c1,Bioorg Med Chem Lett,CHEMBL4756981,65450,65.45,No
CHEMBL4713830,Antiproliferative activity against human 22Rv1 cells assessed as reduction in cell viability,CC(O)(C[S+]([O-])c1ccc(C(F)(F)F)cn1)C(=O)Nc1ccc(C#N)c(C(F)(F)F)c1,Bioorg Med Chem Lett,CHEMBL4756981,77040,77.04,No
CHEMBL4713830,Antiproliferative activity against human 22Rv1 cells assessed as reduction in cell viability,CC(O)(CS(=O)(=O)c1ccc(F)cc1)C(=O)Nc1ccc(C#N)c(C(F)(F)F)c1,Bioorg Med Chem Lett,CHEMBL409,46250,46.25,No
CHEMBL4713830,Antiproliferative activity against human 22Rv1 cells assessed as reduction in cell viability,CNC(=O)c1ccc(N2C(=S)N(c3ccc(C#N)c(C(F)(F)F)c3)C(=O)C2(C)C)cc1F,Bioorg Med Chem Lett,CHEMBL1082407,31760,31.76,No
CHEMBL4726216,Antitumor activity against human CWR22R cells,COc1ccc([C@H]2SS[C@@]34C[C@]5(O)[C@H](Cl)C=C[C@@H](O)[C@@H]5ON3C(=O)[C@@H]2N(C)C4=O)c(O)c1OC,J Nat Prod,CHEMBL4073822,510,0.51,Yes
CHEMBL4767063,Antiproliferative activity against AR-positive human 22Rv1 cells assessed as reduction in cell viability incubated for 96 hrs by cell-titer glo assay,Cc1noc2c(Br)cc(-c3nc4ccc(N5CCOCC5)cc4n3CC3CCCCC3)cc12,J Med Chem,CHEMBL4782221,640,0.64,Yes
CHEMBL4767063,Antiproliferative activity against AR-positive human 22Rv1 cells assessed as reduction in cell viability incubated for 96 hrs by cell-titer glo assay,Cc1noc2ccc(-c3nc4ccc(N5CCOC[C@@H]5C)cc4n3CC3CCCCC3)cc12,J Med Chem,CHEMBL4791634,700,0.7,Yes
CHEMBL4767063,Antiproliferative activity against AR-positive human 22Rv1 cells assessed as reduction in cell viability incubated for 96 hrs by cell-titer glo assay,CNC(=O)c1ccc(N2C(=S)N(c3ccc(C#N)c(C(F)(F)F)c3)C(=O)C2(C)C)cc1F,J Med Chem,CHEMBL1082407,36660,36.66,No
CHEMBL4809881,Cytotoxicity against human 22Rv1 cells,COC[C@]1(CCC(C)=C(C)C)Nc2ccc(C(=O)NC3=C(O)CCC3=O)cc2C[C@@H]1Cl,J Nat Prod,CHEMBL4851816,270,0.27,Yes
CHEMBL4809881,Cytotoxicity against human 22Rv1 cells,CO[C@H]1/C=C\C=C(/C)C(=O)NC2=CC(=O)C(O)=C(C[C@@H](C)C[C@H](OC)[C@H](O)[C@@H](C)/C=C(\C)[C@@H]1OC(N)=O)C2=O,J Nat Prod,CHEMBL394931,25000,25,No
CHEMBL4809881,Cytotoxicity against human 22Rv1 cells,COC1=C2C[C@@H](C)C[C@H](OC)[C@H](O)[C@@H](C)/C=C(\C)[C@H](OC(N)=O)[C@@H](OC)/C=C\C=C(/C)C(=O)NC(=CC1=O)C2=O,J Nat Prod,CHEMBL278315,850,0.85,Yes
CHEMBL4809881,Cytotoxicity against human 22Rv1 cells,CO[C@H]1C[C@H](C)Cc2cc(O)cc(c2)NC(=O)/C(C)=C/CC[C@H](OC)[C@@H](OC(N)=O)/C(C)=C/[C@H](C)[C@H]1O,J Nat Prod,CHEMBL404493,35000,35,No
CHEMBL4809881,Cytotoxicity against human 22Rv1 cells,CC[C@@H]1[C@@H](C)O[C@@](OC)(/C(C)=C/[C@H](C)[C@H]2OC(=O)/C=C/C=C/[C@H](C)[C@@H]([C@@H](C)/C=C(\C)[C@@]3(OC)C[C@@H](OC)[C@H](CC)[C@@H](C)O3)OC(=O)/C=C/C=C/[C@@H]2C)C[C@H]1OC,J Nat Prod,CHEMBL4846650,23000,23,No
CHEMBL4809881,Cytotoxicity against human 22Rv1 cells,CNC(=O)c1ccc(N2C(=S)N(c3ccc(C#N)c(C(F)(F)F)c3)C(=O)C2(C)C)cc1F,J Nat Prod,CHEMBL1082407,38000,38,No
CHEMBL4817578,Antiproliferative activity against AR-positive human 22RV1 cells assessed as reduction in cell viability incubated for 3 days by MTT assay,COc1cc(O)c2c(=O)cc(-c3ccc(NC(=O)N4CC(C)NC(C)C4)cc3)oc2c1OC(C)C,Eur J Med Chem,CHEMBL4846250,800,0.8,Yes
CHEMBL4817578,Antiproliferative activity against AR-positive human 22RV1 cells assessed as reduction in cell viability incubated for 3 days by MTT assay,CNC(=O)c1ccc(N2C(=S)N(c3ccc(C#N)c(C(F)(F)F)c3)C(=O)C2(C)C)cc1F,Eur J Med Chem,CHEMBL1082407,42300,42.3,No
CHEMBL4830453,Antiproliferative activity against human 22Rv1 cells assessed as cell growth inhibition after 72 hrs by CTG assay,CC(C)c1c2cc(-c3ccnc(Nc4ccc5c(N6CCN(C)CC6)ccnc5c4)n3)ccc2nn1C,J Med Chem,CHEMBL4856177,245,0.245,Yes
CHEMBL4842239,Antiproliferative activity against human 22Rv1 cells assessed as inhibition of cell proliferation incubated for 72 hrs by MTT assay,CC(=O)OC[C@]12CC[C@H]3[C@@H](CC=C4[C@@H](OC(C)=O)C=CC(=O)[C@@]43C)[C@]1(O)CC[C@@]2(O)[C@@](C)(O)C1CC(C)=C(C)C(=O)O1,J Nat Prod,CHEMBL4850712,130,0.13,Yes
CHEMBL4842239,Antiproliferative activity against human 22Rv1 cells assessed as inhibition of cell proliferation incubated for 72 hrs by MTT assay,CC(=O)OC[C@]12CC[C@H]3[C@@H](C[C@@H]4O[C@@]45CC=CC(=O)[C@]35C)[C@]1(O)CC[C@@]2(O)[C@@](C)(O)C1CC(C)=C(C)C(=O)O1,J Nat Prod,CHEMBL4869731,580,0.58,Yes
CHEMBL4842239,Antiproliferative activity against human 22Rv1 cells assessed as inhibition of cell proliferation incubated for 72 hrs by MTT assay,CC(=O)OC[C@]12CC[C@H]3[C@@H](C[C@H]4O[C@]45[C@H](OC(C)=O)C=CC(=O)[C@]35C)[C@]1(O)CC[C@@]2(O)[C@@](C)(O)C1CC(C)=C(C)C(=O)O1,J Nat Prod,CHEMBL4866108,210,0.21,Yes
CHEMBL4842239,Antiproliferative activity against human 22Rv1 cells assessed as inhibition of cell proliferation incubated for 72 hrs by MTT assay,CC(=O)OC[C@]12CC[C@H]3[C@@H](C[C@H]4O[C@]45[C@H](O)C=CC(=O)[C@]35C)[C@]1(O)CC[C@@]2(O)[C@@](C)(O)C1CC(C)=C(C)C(=O)O1,J Nat Prod,CHEMBL4852624,330,0.33,Yes
CHEMBL4842239,Antiproliferative activity against human 22Rv1 cells assessed as inhibition of cell proliferation incubated for 72 hrs by MTT assay,CC(=O)OC[C@]12CC[C@H]3[C@@H](CC(=O)C4=CC=CC(=O)[C@@]43C)[C@]1(O)CC[C@@]2(O)[C@@](C)(O)C1CC(C)=C(C)C(=O)O1,J Nat Prod,CHEMBL4846705,500,0.5,Yes
CHEMBL4842239,Antiproliferative activity against human 22Rv1 cells assessed as inhibition of cell proliferation incubated for 72 hrs by MTT assay,CC(=O)OC[C@]12CC[C@H]3[C@@H](C[C@@H](OC(C)=O)C4=CC=CC(=O)[C@@]43C)[C@]1(O)CC[C@@]2(O)[C@@](C)(O)C1CC(C)=C(C)C(=O)O1,J Nat Prod,CHEMBL4874379,630,0.63,Yes
CHEMBL4842239,Antiproliferative activity against human 22Rv1 cells assessed as inhibition of cell proliferation incubated for 72 hrs by MTT assay,CC(=O)OC[C@]12CC[C@H]3[C@@H](CC=C4C=CCC(=O)[C@@]43C)[C@]1(O)CC[C@@]2(O)[C@@](C)(O)C1CC(C)=C(C)C(=O)O1,J Nat Prod,CHEMBL4862984,970,0.97,Yes
CHEMBL4842239,Antiproliferative activity against human 22Rv1 cells assessed as inhibition of cell proliferation incubated for 72 hrs by MTT assay,CC(=O)OC[C@]12CC[C@H]3[C@@H](C[C@H]4O[C@]45[C@@H](OC(C)=O)C=CC(=O)[C@]35C)[C@]1(O)CC[C@@]2(O)[C@@](C)(O)C1CC(C)=C(C)C(=O)O1,J Nat Prod,CHEMBL4862877,250,0.25,Yes
CHEMBL4842239,Antiproliferative activity against human 22Rv1 cells assessed as inhibition of cell proliferation incubated for 72 hrs by MTT assay,CC(=O)OC[C@]12CC[C@H]3[C@@H](CC=C4CC=CC(=O)[C@@]43C)[C@]1(O)CC[C@@]2(O)[C@@](C)(O)C1CC(C)=C(C)C(=O)O1,J Nat Prod,CHEMBL4858112,130,0.13,Yes
CHEMBL4842239,Antiproliferative activity against human 22Rv1 cells assessed as inhibition of cell proliferation incubated for 72 hrs by MTT assay,CC(=O)OC[C@]12CC[C@H]3[C@@H](CC=C4[C@@H](O)C=CC(=O)[C@@]43C)[C@]1(O)CC[C@@]2(O)[C@@](C)(O)C1CC(C)=C(C)C(=O)O1,J Nat Prod,CHEMBL4864487,80,0.08,Yes
CHEMBL4842239,Antiproliferative activity against human 22Rv1 cells assessed as inhibition of cell proliferation incubated for 72 hrs by MTT assay,COc1cccc2c1C(=O)c1c(O)c3c(c(O)c1C2=O)C[C@@](O)(C(=O)CO)C[C@@H]3O[C@H]1C[C@H](N)[C@H](O)[C@H](C)O1,J Nat Prod,CHEMBL53463,20,0.02,Yes
CHEMBL4842239,Antiproliferative activity against human 22Rv1 cells assessed as inhibition of cell proliferation incubated for 72 hrs by MTT assay,CC(=O)OC[C@]12CC[C@H]3[C@@H](C[C@H](O)[C@]45O[C@H]4C=CC(=O)[C@]35C)[C@]1(O)CC[C@@]2(O)[C@@](C)(O)C1CC(C)=C(C)C(=O)O1,J Nat Prod,CHEMBL4876149,250,0.25,Yes
